src_iata,dst_iata,src_city,dst_city,distance_km,seats,load_factor,pax_onboard,avg_fare_inr,ancillary_inr,revenue_per_flight,fuel_liters_per_flight,fuel_cost_inr,fixed_cost_inr,total_cost_inr,margin_per_flight,margin_per_pax,fuel_cost_inr_shock,total_cost_inr_shock,margin_post_shock,margin_with_udan
AMD,BLR,Ahmedabad,Bangalore,1221.9,78,0.72,56,3000.0,400.0,190400.0,2859.25,118238.52013388244,250000.0,368238.5201338824,-177838.5201338824,-3175.6878595336143,147798.15016735304,397798.15016735304,-207398.15016735304,-206564.8168340197
AMD,BOM,Ahmedabad,Mumbai,444.2,78,0.72,56,3000.0,400.0,190400.0,1039.43,42983.53238882974,250000.0,292983.53238882974,-102583.53238882974,-1831.848792657674,53729.41548603718,303729.41548603715,-113329.41548603715,-112496.08215270382
AMD,CCU,Ahmedabad,Kolkata,1619.9,78,0.72,56,3000.0,400.0,190400.0,3790.57,156751.38139858033,250000.0,406751.3813985803,-216351.38139858033,-3863.4175249746486,195939.2267482254,445939.2267482254,-255539.2267482254,-254705.89341489205
AMD,DEL,Ahmedabad,Delhi,756.5,78,0.72,56,3000.0,400.0,190400.0,1770.21,73203.4661978491,250000.0,323203.46619784913,-132803.46619784913,-2371.4904678187345,91504.33274731137,341504.3327473114,-151104.3327473114,-150270.99941397805
AMD,GOI,Ahmedabad,Goa,865.0,78,0.72,56,3000.0,400.0,190400.0,2024.1,83702.57536171774,250000.0,333702.5753617177,-143302.57536171773,-2558.9745600306737,104628.21920214717,354628.21920214716,-164228.21920214716,-163394.8858688138
AMD,JAI,Ahmedabad,Jaipur,525.5,78,0.72,56,3000.0,400.0,190400.0,1229.67,50850.524107032,250000.0,300850.524107032,-110450.52410703199,-1972.3307876255712,63563.155133789995,313563.15513379,-123163.15513378999,-122329.82180045666
AMD,MAA,Ahmedabad,Madras,1375.0,78,0.72,56,3000.0,400.0,190400.0,3217.5,133053.22673105422,250000.0,383053.22673105425,-192653.22673105425,-3440.236191625969,166316.53341381776,416316.53341381776,-225916.53341381776,-225083.2000804844
AMD,PNQ,Ahmedabad,Pune,517.4,78,0.72,56,3000.0,400.0,190400.0,1210.72,50066.88505604412,250000.0,300066.8850560441,-109666.88505604409,-1958.3372331436444,62583.60632005515,312583.60632005514,-122183.60632005514,-121350.27298672181
BBI,BLR,Bhubaneswar,Bangalore,1165.7,78,0.72,56,3000.0,400.0,190400.0,2727.74,112800.18917897927,250000.0,362800.18917897926,-172400.18917897926,-3078.5748067674867,141000.23647372407,391000.2364737241,-200600.23647372407,-199766.90314039073
BBI,BOM,Bhubaneswar,Mumbai,1361.7,78,0.72,56,3000.0,400.0,190400.0,3186.38,131766.32186209684,250000.0,381766.32186209684,-191366.32186209684,-3417.2557475374438,164707.90232762104,414707.902327621,-224307.902327621,-223474.56899428766
BBI,CCU,Bhubaneswar,Kolkata,381.9,78,0.72,56,3000.0,400.0,190400.0,893.65,36955.09434909296,250000.0,286955.094349093,-96555.09434909298,-1724.1981133766603,46193.8679363662,296193.8679363662,-105793.86793636618,-104960.53460303285
BBI,DEL,Bhubaneswar,Delhi,1277.7,78,0.72,56,3000.0,400.0,190400.0,2989.82,123637.97928361788,250000.0,373637.97928361787,-183237.97928361787,-3272.1067729217475,154547.47410452235,404547.4741045224,-214147.47410452238,-213314.14077118904
BBI,VTZ,Bhubaneswar,Vishakhapatnam,391.2,78,0.72,56,3000.0,400.0,190400.0,915.41,37854.93528574183,250000.0,287854.9352857418,-97454.93528574181,-1740.2667015311038,47318.66910717729,297318.6691071773,-106918.6691071773,-106085.33577384397
BDQ,BOM,Baroda,Mumbai,363.0,78,0.72,56,3000.0,400.0,190400.0,849.42,35126.05185699831,250000.0,285126.0518569983,-94726.0518569983,-1691.536640303541,43907.564821247885,293907.5648212479,-103507.56482124788,-102674.23148791456
BDQ,DEL,Baroda,Delhi,794.5,78,0.72,56,3000.0,400.0,190400.0,1859.13,76880.57355478006,250000.0,326880.57355478004,-136480.57355478004,-2437.1530991925006,96100.71694347507,346100.71694347507,-155700.71694347507,-154867.38361014173
BLR,AMD,Bangalore,Ahmedabad,1221.9,78,0.72,56,3000.0,400.0,190400.0,2859.25,118238.52013388244,250000.0,368238.5201338824,-177838.5201338824,-3175.6878595336143,147798.15016735304,397798.15016735304,-207398.15016735304,-206564.8168340197
BLR,BBI,Bangalore,Bhubaneswar,1165.7,78,0.72,56,3000.0,400.0,190400.0,2727.74,112800.18917897927,250000.0,362800.18917897926,-172400.18917897926,-3078.5748067674867,141000.23647372407,391000.2364737241,-200600.23647372407,-199766.90314039073
BLR,BOM,Bangalore,Mumbai,834.2,78,0.72,56,3000.0,400.0,190400.0,1952.03,80722.26578891058,250000.0,330722.26578891056,-140322.26578891056,-2505.7547462305456,100902.83223613822,350902.83223613823,-160502.83223613823,-159669.4989028049
BLR,CCU,Bangalore,Kolkata,1546.8,78,0.72,56,3000.0,400.0,190400.0,3619.51,149677.53991773678,250000.0,399677.5399177368,-209277.53991773678,-3737.0989271024423,187096.92489717097,437096.924897171,-246696.92489717097,-245863.59156383763
BLR,COK,Bangalore,Kochi,367.3,78,0.72,56,3000.0,400.0,190400.0,859.48,35542.06287826153,250000.0,285542.06287826155,-95142.06287826155,-1698.965408540385,44427.57859782691,294427.5785978269,-104027.57859782688,-103194.24526449355
BLR,DEL,Bangalore,Delhi,1710.0,78,0.72,56,3000.0,400.0,190400.0,4001.4,165469.83106189288,250000.0,415469.8310618929,-225069.8310618929,-4019.1041261052305,206837.2888273661,456837.2888273661,-266437.2888273661,-265603.95549403277
BLR,GAU,Bangalore,Guwahati,2039.4,78,0.72,56,3000.0,400.0,190400.0,4772.2,197344.7112994365,250000.0,447344.7112994365,-256944.71129943652,-4588.298416061366,246680.88912429562,496680.8891242956,-306280.8891242956,-305447.5557909623
BLR,GOI,Bangalore,Goa,482.9,78,0.72,56,3000.0,400.0,190400.0,1129.99,46728.45863988312,250000.0,296728.45863988315,-106328.45863988315,-1898.722475712199,58410.5732998539,308410.5732998539,-118010.57329985389,-117177.23996652056
BLR,JAI,Bangalore,Jaipur,1528.0,78,0.72,56,3000.0,400.0,190400.0,3575.52,147858.42214185515,250000.0,397858.4221418551,-207458.42214185512,-3704.6146811045555,184823.02767731895,434823.02767731895,-244423.02767731895,-243589.6943439856
BLR,LKO,Bangalore,Lucknow,1544.1,78,0.72,56,3000.0,400.0,190400.0,3613.19,149416.18905746008,250000.0,399416.18905746005,-209016.18905746005,-3732.4319474546437,186770.2363218251,436770.23632182507,-246370.23632182507,-245536.90298849173
BLR,MAA,Bangalore,Madras,267.8,78,0.72,56,3000.0,400.0,190400.0,626.65,25913.847562087063,250000.0,275913.84756208706,-85513.84756208706,-1527.032992180126,32392.309452608828,282392.3094526088,-91992.30945260881,-91158.97611927548
BLR,NAG,Bangalore,Nagpur,889.3,78,0.72,56,3000.0,400.0,190400.0,2080.96,86053.90604452357,250000.0,336053.9060445236,-145653.90604452358,-2600.962607937921,107567.38255565446,357567.38255565445,-167167.38255565445,-166334.0492223211
BLR,PNQ,Bangalore,Pune,722.7,78,0.72,56,3000.0,400.0,190400.0,1691.12,69932.85867581054,250000.0,319932.8586758105,-129532.85867581051,-2313.0867620680447,87416.07334476316,337416.07334476314,-147016.07334476314,-146182.7400114298
BLR,TRV,Bangalore,Trivandrum,531.3,78,0.72,56,3000.0,400.0,190400.0,1243.24,51411.684102910905,250000.0,301411.6841029109,-111011.68410291092,-1982.351501837695,64264.605128638636,314264.6051286386,-123864.60512863862,-123031.27179530529
BLR,VTZ,Bangalore,Vishakhapatnam,776.2,78,0.72,56,3000.0,400.0,190400.0,1816.31,75109.83877043701,250000.0,325109.838770437,-134709.838770437,-2405.532835186375,93887.29846304626,343887.29846304626,-153487.29846304626,-152653.96512971292
BOM,AMD,Mumbai,Ahmedabad,444.2,78,0.72,56,3000.0,400.0,190400.0,1039.43,42983.53238882974,250000.0,292983.53238882974,-102583.53238882974,-1831.848792657674,53729.41548603718,303729.41548603715,-113329.41548603715,-112496.08215270382
BOM,BBI,Mumbai,Bhubaneswar,1361.7,78,0.72,56,3000.0,400.0,190400.0,3186.38,131766.32186209684,250000.0,381766.32186209684,-191366.32186209684,-3417.2557475374438,164707.90232762104,414707.902327621,-224307.902327621,-223474.56899428766
BOM,BDQ,Mumbai,Baroda,363.0,78,0.72,56,3000.0,400.0,190400.0,849.42,35126.05185699831,250000.0,285126.0518569983,-94726.0518569983,-1691.536640303541,43907.564821247885,293907.5648212479,-103507.56482124788,-102674.23148791456
BOM,BLR,Mumbai,Bangalore,834.2,78,0.72,56,3000.0,400.0,190400.0,1952.03,80722.26578891058,250000.0,330722.26578891056,-140322.26578891056,-2505.7547462305456,100902.83223613822,350902.83223613823,-160502.83223613823,-159669.4989028049
BOM,CCU,Mumbai,Kolkata,1665.5,78,0.72,56,3000.0,400.0,190400.0,3897.27,161163.74481496058,250000.0,411163.7448149606,-220763.74481496058,-3942.2097288385817,201454.6810187007,451454.6810187007,-261054.6810187007,-260221.34768536736
BOM,CJB,Mumbai,Coimbatore,1001.8,78,0.72,56,3000.0,400.0,190400.0,2344.21,96940.07914070073,250000.0,346940.07914070075,-156540.07914070075,-2795.358556083942,121175.09892587591,371175.0989258759,-180775.0989258759,-179941.76559254256
BOM,COK,Mumbai,Kochi,1063.8,78,0.72,56,3000.0,400.0,190400.0,2489.29,102939.5700914828,250000.0,352939.57009148283,-162539.57009148283,-2902.4923230621935,128674.46261435351,378674.4626143535,-188274.4626143535,-187441.12928102017
BOM,DEL,Mumbai,Delhi,1138.2,78,0.72,56,3000.0,400.0,190400.0,2663.39,110139.12464435819,250000.0,360139.1246443582,-169739.12464435818,-3031.0557972206816,137673.90580544772,387673.9058054477,-197273.90580544772,-196440.57247211438
BOM,GAU,Mumbai,Guwahati,2071.1,78,0.72,56,3000.0,400.0,190400.0,4846.37,200411.86213910775,250000.0,450411.8621391078,-260011.86213910778,-4643.068966769782,250514.8276738847,500514.8276738847,-310114.8276738847,-309281.4943405514
BOM,GOI,Mumbai,Goa,424.8,78,0.72,56,3000.0,400.0,190400.0,994.03,41106.106905196524,250000.0,291106.1069051965,-100706.1069051965,-1798.3233375927946,51382.63363149566,301382.63363149564,-110982.63363149564,-110149.30029816231
BOM,IDR,Mumbai,Indore,506.0,78,0.72,56,3000.0,400.0,190400.0,1184.04,48963.58743702795,250000.0,298963.58743702795,-108563.58743702795,-1938.6354899469277,61204.484296284936,311204.48429628497,-120804.48429628497,-119971.15096295164
BOM,IXC,Mumbai,Chandigarh,1347.2,78,0.72,56,3000.0,400.0,190400.0,3152.45,130363.21510747843,250000.0,380363.21510747843,-189963.21510747843,-3392.2002697764005,162954.01888434804,412954.01888434804,-222554.01888434804,-221720.6855510147
BOM,IXJ,Mumbai,Jammu,1525.0,78,0.72,56,3000.0,400.0,190400.0,3568.5,147568.12419262377,250000.0,397568.12419262377,-207168.12419262377,-3699.430789153996,184460.1552407797,434460.15524077974,-244060.15524077974,-243226.8219074464
BOM,JAI,Mumbai,Jaipur,911.3,78,0.72,56,3000.0,400.0,190400.0,2132.44,88182.75767222044,250000.0,338182.75767222047,-147782.75767222047,-2638.9778155753656,110228.44709027554,360228.4470902755,-169828.44709027553,-168995.11375694218
BOM,LKO,Mumbai,Lucknow,1183.6,78,0.72,56,3000.0,400.0,190400.0,2769.62,114532.05215815458,250000.0,364532.05215815455,-174132.05215815455,-3109.500931395617,143165.0651976932,393165.0651976932,-202765.06519769318,-201931.73186435984
BOM,MAA,Mumbai,Madras,1033.4,78,0.72,56,3000.0,400.0,190400.0,2418.16,99998.13232384337,250000.0,349998.13232384337,-159598.13232384337,-2849.96664864006,124997.66540480421,374997.6654048042,-184597.66540480423,-183764.33207147088
BOM,NAG,Mumbai,Nagpur,682.6,78,0.72,56,3000.0,400.0,190400.0,1597.28,66052.29463651229,250000.0,316052.2946365123,-125652.29463651229,-2243.7909756520053,82565.36829564035,332565.36829564034,-142165.36829564034,-141332.034962307
BOM,PAT,Mumbai,Patina,1448.8,78,0.72,56,3000.0,400.0,190400.0,3390.19,140194.473576178,250000.0,390194.47357617796,-199794.47357617796,-3567.7584567174636,175243.09197022248,425243.0919702225,-234843.09197022248,-234009.75863688914
BOM,SXR,Mumbai,Srinagar,1667.3,78,0.72,56,3000.0,400.0,190400.0,3901.48,161337.840878531,250000.0,411337.840878531,-220937.840878531,-3945.3185871166247,201672.3010981637,451672.3010981637,-261272.3010981637,-260438.96776483036
BOM,TRV,Mumbai,Trivandrum,1257.7,78,0.72,56,3000.0,400.0,190400.0,2943.02,121702.65962207527,250000.0,371702.65962207527,-181302.65962207527,-3237.547493251344,152128.3245275941,402128.3245275941,-211728.3245275941,-210894.99119426074
CCU,AMD,Kolkata,Ahmedabad,1619.9,78,0.72,56,3000.0,400.0,190400.0,3790.57,156751.38139858033,250000.0,406751.3813985803,-216351.38139858033,-3863.4175249746486,195939.2267482254,445939.2267482254,-255539.2267482254,-254705.89341489205
CCU,BBI,Kolkata,Bhubaneswar,381.9,78,0.72,56,3000.0,400.0,190400.0,893.65,36955.09434909296,250000.0,286955.094349093,-96555.09434909298,-1724.1981133766603,46193.8679363662,296193.8679363662,-105793.86793636618,-104960.53460303285
CCU,BLR,Kolkata,Bangalore,1546.8,78,0.72,56,3000.0,400.0,190400.0,3619.51,149677.53991773678,250000.0,399677.5399177368,-209277.53991773678,-3737.0989271024423,187096.92489717097,437096.924897171,-246696.92489717097,-245863.59156383763
CCU,BOM,Kolkata,Mumbai,1665.5,78,0.72,56,3000.0,400.0,190400.0,3897.27,161163.74481496058,250000.0,411163.7448149606,-220763.74481496058,-3942.2097288385817,201454.6810187007,451454.6810187007,-261054.6810187007,-260221.34768536736
CCU,DEL,Kolkata,Delhi,1312.7,78,0.72,56,3000.0,400.0,190400.0,3071.72,127024.78869131743,250000.0,377024.78869131743,-186624.78869131743,-3332.585512344954,158780.9858641468,408780.9858641468,-218380.9858641468,-217547.65253081344
CCU,DIB,Kolkata,Mohanbari,851.9,78,0.72,56,3000.0,400.0,190400.0,1993.45,82435.10639534422,250000.0,332435.10639534425,-142035.10639534425,-2536.3411856311473,103043.88299418027,353043.88299418025,-162643.88299418025,-161810.5496608469
CCU,GAU,Kolkata,Guwahati,498.3,78,0.72,56,3000.0,400.0,190400.0,1166.02,48218.4066613656,250000.0,298218.4066613656,-107818.40666136559,-1925.3286903815283,60273.00832670701,310273.008326707,-119873.008326707,-119039.67499337367
CCU,IMF,Kolkata,Imphal,602.2,78,0.72,56,3000.0,400.0,190400.0,1409.15,58272.55771501634,250000.0,308272.55771501636,-117872.55771501636,-2104.8671020538636,72840.69714377042,322840.6971437704,-132440.6971437704,-131607.36381043706
CCU,IXA,Kolkata,Agartala,316.6,78,0.72,56,3000.0,400.0,190400.0,740.84,30635.944830282584,250000.0,280635.9448302826,-90235.94483028259,-1611.3561576836178,38294.931037853225,288294.93103785324,-97894.93103785324,-97061.59770451991
CCU,IXB,Kolkata,Baghdogra,447.9,78,0.72,56,3000.0,400.0,190400.0,1048.09,43341.64923218356,250000.0,293341.6492321836,-102941.64923218358,-1838.2437362889925,54177.06154022945,304177.0615402295,-113777.06154022948,-112943.72820689615
CCU,IXR,Kolkata,Ranchi,328.2,78,0.72,56,3000.0,400.0,190400.0,767.99,31758.67835188262,250000.0,281758.6783518826,-91358.67835188261,-1631.4049705693324,39698.34793985327,289698.34793985327,-99298.34793985327,-98465.01460651994
CCU,JAI,Kolkata,Jaipur,1356.7,78,0.72,56,3000.0,400.0,190400.0,3174.68,131282.49194671118,250000.0,381282.4919467112,-190882.4919467112,-3408.6159276198428,164103.11493338895,414103.11493338895,-223703.11493338895,-222869.7816000556
CCU,MAA,Kolkata,Madras,1385.7,78,0.72,56,3000.0,400.0,190400.0,3242.54,134088.70545594796,250000.0,384088.70545594796,-193688.70545594796,-3458.726883141928,167610.88181993493,417610.88181993493,-227210.88181993493,-226377.5484866016
CCU,NAG,Kolkata,Nagpur,985.2,78,0.72,56,3000.0,400.0,190400.0,2305.37,95333.92923355725,250000.0,345333.92923355725,-154933.92923355725,-2766.677307742094,119167.41154194655,369167.4115419466,-178767.41154194658,-177934.07820861324
CCU,PAT,Kolkata,Patina,472.0,78,0.72,56,3000.0,400.0,190400.0,1104.48,45673.544012405524,250000.0,295673.5440124055,-105273.5440124055,-1879.8847145072411,57091.9300155069,307091.9300155069,-116691.93001550692,-115858.5966821736
CCU,PNQ,Kolkata,Pune,1577.3,78,0.72,56,3000.0,400.0,190400.0,3690.88,152628.90240158924,250000.0,402628.9024015892,-212228.9024015892,-3789.8018285998073,190786.12800198657,440786.12800198654,-250386.12800198654,-249552.7946686532
CCU,RPR,Kolkata,Raipur,711.0,78,0.72,56,3000.0,400.0,190400.0,1663.74,68800.61396783967,250000.0,318800.6139678397,-128400.61396783969,-2292.868106568566,86000.7674597996,336000.7674597996,-145600.7674597996,-144767.43412646625
CJB,BOM,Coimbatore,Mumbai,1001.8,78,0.72,56,3000.0,400.0,190400.0,2344.21,96940.07914070073,250000.0,346940.07914070075,-156540.07914070075,-2795.358556083942,121175.09892587591,371175.0989258759,-180775.0989258759,-179941.76559254256
CJB,DEL,Coimbatore,Delhi,1950.0,78,0.72,56,3000.0,400.0,190400.0,4563.0,188693.66700040415,250000.0,438693.66700040415,-248293.66700040415,-4433.815482150074,235867.0837505052,485867.08375050523,-295467.08375050523,-294633.7504171719
CJB,MAA,Coimbatore,Madras,403.8,78,0.72,56,3000.0,400.0,190400.0,944.89,39074.02126057679,250000.0,289074.0212605768,-98674.02126057679,-1762.0360939388713,48842.526575720985,298842.526575721,-108442.52657572099,-107609.19324238766
COK,BLR,Kochi,Bangalore,367.3,78,0.72,56,3000.0,400.0,190400.0,859.48,35542.06287826153,250000.0,285542.06287826155,-95142.06287826155,-1698.965408540385,44427.57859782691,294427.5785978269,-104027.57859782688,-103194.24526449355
COK,BOM,Kochi,Mumbai,1063.8,78,0.72,56,3000.0,400.0,190400.0,2489.29,102939.5700914828,250000.0,352939.57009148283,-162539.57009148283,-2902.4923230621935,128674.46261435351,378674.4626143535,-188274.4626143535,-187441.12928102017
COK,DEL,Kochi,Delhi,2048.9,78,0.72,56,3000.0,400.0,190400.0,4794.43,198263.98813866926,250000.0,448263.9881386693,-257863.9881386693,-4604.714073904809,247829.98517333655,497829.9851733366,-307429.9851733366,-306596.65184000327
COK,MAA,Kochi,Madras,517.7,78,0.72,56,3000.0,400.0,190400.0,1211.42,50095.83214499882,250000.0,300095.8321449988,-109695.83214499883,-1958.8541454464078,62619.79018124852,312619.7901812485,-122219.7901812485,-121386.45684791518
COK,TRV,Kochi,Trivandrum,194.2,78,0.72,56,3000.0,400.0,190400.0,454.43,18792.036619547154,250000.0,268792.0366195472,-78392.03661954717,-1399.857796777628,23490.045774433944,273490.04577443394,-83090.04577443394,-82256.71244110061
DEL,AMD,Delhi,Ahmedabad,756.5,78,0.72,56,3000.0,400.0,190400.0,1770.21,73203.4661978491,250000.0,323203.46619784913,-132803.46619784913,-2371.4904678187345,91504.33274731137,341504.3327473114,-151104.3327473114,-150270.99941397805
DEL,BBI,Delhi,Bhubaneswar,1277.7,78,0.72,56,3000.0,400.0,190400.0,2989.82,123637.97928361788,250000.0,373637.97928361787,-183237.97928361787,-3272.1067729217475,154547.47410452235,404547.4741045224,-214147.47410452238,-213314.14077118904
DEL,BDQ,Delhi,Baroda,794.5,78,0.72,56,3000.0,400.0,190400.0,1859.13,76880.57355478006,250000.0,326880.57355478004,-136480.57355478004,-2437.1530991925006,96100.71694347507,346100.71694347507,-155700.71694347507,-154867.38361014173
DEL,BLR,Delhi,Bangalore,1710.0,78,0.72,56,3000.0,400.0,190400.0,4001.4,165469.83106189288,250000.0,415469.8310618929,-225069.8310618929,-4019.1041261052305,206837.2888273661,456837.2888273661,-266437.2888273661,-265603.95549403277
DEL,BOM,Delhi,Mumbai,1138.2,78,0.72,56,3000.0,400.0,190400.0,2663.39,110139.12464435819,250000.0,360139.1246443582,-169739.12464435818,-3031.0557972206816,137673.90580544772,387673.9058054477,-197273.90580544772,-196440.57247211438
DEL,CCU,Delhi,Kolkata,1312.7,78,0.72,56,3000.0,400.0,190400.0,3071.72,127024.78869131743,250000.0,377024.78869131743,-186624.78869131743,-3332.585512344954,158780.9858641468,408780.9858641468,-218380.9858641468,-217547.65253081344
DEL,CJB,Delhi,Coimbatore,1950.0,78,0.72,56,3000.0,400.0,190400.0,4563.0,188693.66700040415,250000.0,438693.66700040415,-248293.66700040415,-4433.815482150074,235867.0837505052,485867.08375050523,-295467.08375050523,-294633.7504171719
DEL,COK,Delhi,Kochi,2048.9,78,0.72,56,3000.0,400.0,190400.0,4794.43,198263.98813866926,250000.0,448263.9881386693,-257863.9881386693,-4604.714073904809,247829.98517333655,497829.9851733366,-307429.9851733366,-306596.65184000327
DEL,DIB,Delhi,Mohanbari,1760.8,78,0.72,56,3000.0,400.0,190400.0,4120.27,170385.46029624267,250000.0,420385.4602962427,-229985.46029624267,-4106.883219575762,212981.82537030333,462981.82537030336,-272581.82537030336,-271748.49203697004
DEL,GAU,Delhi,Guwahati,1455.5,78,0.72,56,3000.0,400.0,190400.0,3405.87,140842.8883687632,250000.0,390842.8883687632,-200442.8883687632,-3579.337292299343,176053.610460954,426053.610460954,-235653.61046095402,-234820.27712762068
DEL,GOI,Delhi,Goa,1504.2,78,0.72,56,3000.0,400.0,190400.0,3519.83,145555.4744505879,250000.0,395555.4744505879,-205155.47445058788,-3663.490615189069,181944.34306323488,431944.3430632349,-241544.34306323488,-240711.00972990153
DEL,IDR,Delhi,Indore,662.9,78,0.72,56,3000.0,400.0,190400.0,1551.19,64146.33559376659,250000.0,314146.3355937666,-123746.33559376659,-2209.755992745832,80182.91949220824,330182.9194922082,-139782.91949220822,-138949.58615887488
DEL,IXB,Delhi,Baghdogra,1125.2,78,0.72,56,3000.0,400.0,190400.0,2632.97,108881.16686435549,250000.0,358881.1668643555,-168481.1668643555,-3008.5922654349197,136101.45858044436,386101.45858044433,-195701.45858044433,-194868.125247111
DEL,IXJ,Delhi,Jammu,507.0,78,0.72,56,3000.0,400.0,190400.0,1186.38,49060.353420105086,250000.0,299060.35342010506,-108660.35342010506,-1940.3634539304476,61325.44177513136,311325.4417751314,-120925.44177513139,-120092.10844179806
DEL,IXR,Delhi,Ranchi,1007.7,78,0.72,56,3000.0,400.0,190400.0,2358.02,97511.16385279268,250000.0,347511.1638527927,-157111.1638527927,-2805.556497371298,121888.95481599084,371888.9548159909,-181488.95481599087,-180655.62148265753
DEL,LKO,Delhi,Lucknow,423.5,78,0.72,56,3000.0,400.0,190400.0,990.99,40980.3938331647,250000.0,290980.3938331647,-100580.39383316471,-1796.0784613065127,51225.49229145587,301225.49229145586,-110825.49229145586,-109992.15895812253
DEL,MAA,Delhi,Madras,1760.9,78,0.72,56,3000.0,400.0,190400.0,4120.51,170395.38501245572,250000.0,420395.38501245575,-229995.38501245575,-4107.060446650996,212994.23126556963,462994.23126556963,-272594.23126556963,-271760.8979322363
DEL,NAG,Delhi,Nagpur,853.9,78,0.72,56,3000.0,400.0,190400.0,1998.13,82628.63836149848,250000.0,332628.6383614985,-142228.63836149848,-2539.797113598187,103285.7979518731,353285.7979518731,-162885.7979518731,-162052.46461853976
DEL,PAT,Delhi,Patina,856.7,78,0.72,56,3000.0,400.0,190400.0,2004.68,82899.500408146,250000.0,332899.500408146,-142499.500408146,-2544.63393585975,103624.37551018251,353624.3755101825,-163224.37551018252,-162391.04217684918
DEL,PNQ,Delhi,Pune,1156.5,78,0.72,56,3000.0,400.0,190400.0,2706.21,111909.85942870124,250000.0,361909.8594287012,-171509.85942870122,-3062.6760612268076,139887.32428587653,389887.32428587653,-199487.32428587653,-198653.9909525432
DEL,RPR,Delhi,Raipur,944.8,78,0.72,56,3000.0,400.0,190400.0,2210.83,91424.4181053043,250000.0,341424.4181053043,-151024.4181053043,-2696.864609023291,114280.52263163037,364280.52263163036,-173880.52263163036,-173047.18929829702
DEL,SXR,Delhi,Srinagar,642.0,78,0.72,56,3000.0,400.0,190400.0,1502.28,62123.76113551768,250000.0,312123.7611355177,-121723.76113551768,-2173.6385917056728,77654.7014193971,327654.7014193971,-137254.70141939708,-136421.36808606374
DEL,VNS,Delhi,Varanasi,667.0,78,0.72,56,3000.0,400.0,190400.0,1560.78,64542.91071244593,250000.0,314542.9107124459,-124142.91071244591,-2216.837691293677,80678.63839055742,330678.63839055743,-140278.63839055743,-139445.3050572241
DIB,CCU,Mohanbari,Kolkata,851.9,78,0.72,56,3000.0,400.0,190400.0,1993.45,82435.10639534422,250000.0,332435.10639534425,-142035.10639534425,-2536.3411856311473,103043.88299418027,353043.88299418025,-162643.88299418025,-161810.5496608469
DIB,GAU,Mohanbari,Guwahati,373.4,78,0.72,56,3000.0,400.0,190400.0,873.76,36132.58349293735,250000.0,286132.5834929374,-95732.58349293738,-1709.510419516739,45165.72936617169,295165.7293661717,-104765.7293661717,-103932.39603283837
GAU,BLR,Guwahati,Bangalore,2039.4,78,0.72,56,3000.0,400.0,190400.0,4772.2,197344.7112994365,250000.0,447344.7112994365,-256944.71129943652,-4588.298416061366,246680.88912429562,496680.8891242956,-306280.8891242956,-305447.5557909623
GAU,BOM,Guwahati,Mumbai,2071.1,78,0.72,56,3000.0,400.0,190400.0,4846.37,200411.86213910775,250000.0,450411.8621391078,-260011.86213910778,-4643.068966769782,250514.8276738847,500514.8276738847,-310114.8276738847,-309281.4943405514
GAU,CCU,Guwahati,Kolkata,498.3,78,0.72,56,3000.0,400.0,190400.0,1166.02,48218.4066613656,250000.0,298218.4066613656,-107818.40666136559,-1925.3286903815283,60273.00832670701,310273.008326707,-119873.008326707,-119039.67499337367
GAU,DEL,Guwahati,Delhi,1455.5,78,0.72,56,3000.0,400.0,190400.0,3405.87,140842.8883687632,250000.0,390842.8883687632,-200442.8883687632,-3579.337292299343,176053.610460954,426053.610460954,-235653.61046095402,-234820.27712762068
GAU,IMF,Guwahati,Imphal,276.1,78,0.72,56,3000.0,400.0,190400.0,646.07,26716.922515658804,250000.0,276716.9225156588,-86316.92251565878,-1541.3736163510496,33396.1531445735,283396.1531445735,-92996.1531445735,-92162.81981124017
GAU,IXA,Guwahati,Agartala,249.2,78,0.72,56,3000.0,400.0,190400.0,583.13,24114.165688789322,250000.0,274114.16568878933,-83714.16568878933,-1494.895815871238,30142.707110986652,280142.70711098664,-89742.70711098664,-88909.37377765331
GAU,IXB,Guwahati,Baghdogra,330.7,78,0.72,56,3000.0,400.0,190400.0,773.84,32000.593309575448,250000.0,282000.59330957546,-91600.59330957546,-1635.724880528133,40000.74163696931,290000.7416369693,-99600.74163696932,-98767.408303636
GOI,AMD,Goa,Ahmedabad,865.0,78,0.72,56,3000.0,400.0,190400.0,2024.1,83702.57536171774,250000.0,333702.5753617177,-143302.57536171773,-2558.9745600306737,104628.21920214717,354628.21920214716,-164228.21920214716,-163394.8858688138
GOI,BLR,Goa,Bangalore,482.9,78,0.72,56,3000.0,400.0,190400.0,1129.99,46728.45863988312,250000.0,296728.45863988315,-106328.45863988315,-1898.722475712199,58410.5732998539,308410.5732998539,-118010.57329985389,-117177.23996652056
GOI,BOM,Goa,Mumbai,424.8,78,0.72,56,3000.0,400.0,190400.0,994.03,41106.106905196524,250000.0,291106.1069051965,-100706.1069051965,-1798.3233375927946,51382.63363149566,301382.63363149564,-110982.63363149564,-110149.30029816231
GOI,DEL,Goa,Delhi,1504.2,78,0.72,56,3000.0,400.0,190400.0,3519.83,145555.4744505879,250000.0,395555.4744505879,-205155.47445058788,-3663.490615189069,181944.34306323488,431944.3430632349,-241544.34306323488,-240711.00972990153
IDR,BOM,Indore,Mumbai,506.0,78,0.72,56,3000.0,400.0,190400.0,1184.04,48963.58743702795,250000.0,298963.58743702795,-108563.58743702795,-1938.6354899469277,61204.484296284936,311204.48429628497,-120804.48429628497,-119971.15096295164
IDR,DEL,Indore,Delhi,662.9,78,0.72,56,3000.0,400.0,190400.0,1551.19,64146.33559376659,250000.0,314146.3355937666,-123746.33559376659,-2209.755992745832,80182.91949220824,330182.9194922082,-139782.91949220822,-138949.58615887488
IDR,NAG,Indore,Nagpur,380.7,78,0.72,56,3000.0,400.0,190400.0,890.84,36838.89246343196,250000.0,286838.892463432,-96438.89246343198,-1722.1230797041426,46048.61557928995,296048.61557928997,-105648.61557928997,-104815.28224595664
IDR,RPR,Indore,Raipur,635.8,78,0.72,56,3000.0,400.0,190400.0,1487.77,61523.72933447103,250000.0,311523.72933447105,-121123.72933447105,-2162.9237381155544,76904.66166808878,326904.66166808875,-136504.66166808875,-135671.3283347554
IMF,CCU,Imphal,Kolkata,602.2,78,0.72,56,3000.0,400.0,190400.0,1409.15,58272.55771501634,250000.0,308272.55771501636,-117872.55771501636,-2104.8671020538636,72840.69714377042,322840.6971437704,-132440.6971437704,-131607.36381043706
IMF,GAU,Imphal,Guwahati,276.1,78,0.72,56,3000.0,400.0,190400.0,646.07,26716.922515658804,250000.0,276716.9225156588,-86316.92251565878,-1541.3736163510496,33396.1531445735,283396.1531445735,-92996.1531445735,-92162.81981124017
IMF,IXA,Imphal,Agartala,286.1,78,0.72,56,3000.0,400.0,190400.0,669.47,27684.582346430107,250000.0,277684.5823464301,-87284.5823464301,-1558.6532561862518,34605.72793303763,284605.7279330376,-94205.72793303762,-93372.39459970429
IXA,CCU,Agartala,Kolkata,316.6,78,0.72,56,3000.0,400.0,190400.0,740.84,30635.944830282584,250000.0,280635.9448302826,-90235.94483028259,-1611.3561576836178,38294.931037853225,288294.93103785324,-97894.93103785324,-97061.59770451991
IXA,GAU,Agartala,Guwahati,249.2,78,0.72,56,3000.0,400.0,190400.0,583.13,24114.165688789322,250000.0,274114.16568878933,-83714.16568878933,-1494.895815871238,30142.707110986652,280142.70711098664,-89742.70711098664,-88909.37377765331
IXA,IMF,Agartala,Imphal,286.1,78,0.72,56,3000.0,400.0,190400.0,669.47,27684.582346430107,250000.0,277684.5823464301,-87284.5823464301,-1558.6532561862518,34605.72793303763,284605.7279330376,-94205.72793303762,-93372.39459970429
IXB,CCU,Baghdogra,Kolkata,447.9,78,0.72,56,3000.0,400.0,190400.0,1048.09,43341.64923218356,250000.0,293341.6492321836,-102941.64923218358,-1838.2437362889925,54177.06154022945,304177.0615402295,-113777.06154022948,-112943.72820689615
IXB,DEL,Baghdogra,Delhi,1125.2,78,0.72,56,3000.0,400.0,190400.0,2632.97,108881.16686435549,250000.0,358881.1668643555,-168481.1668643555,-3008.5922654349197,136101.45858044436,386101.45858044433,-195701.45858044433,-194868.125247111
IXB,GAU,Baghdogra,Guwahati,330.7,78,0.72,56,3000.0,400.0,190400.0,773.84,32000.593309575448,250000.0,282000.59330957546,-91600.59330957546,-1635.724880528133,40000.74163696931,290000.7416369693,-99600.74163696932,-98767.408303636
IXC,BOM,Chandigarh,Mumbai,1347.2,78,0.72,56,3000.0,400.0,190400.0,3152.45,130363.21510747843,250000.0,380363.21510747843,-189963.21510747843,-3392.2002697764005,162954.01888434804,412954.01888434804,-222554.01888434804,-221720.6855510147
IXJ,DEL,Jammu,Delhi,507.0,78,0.72,56,3000.0,400.0,190400.0,1186.38,49060.353420105086,250000.0,299060.35342010506,-108660.35342010506,-1940.3634539304476,61325.44177513136,311325.4417751314,-120925.44177513139,-120092.10844179806
IXJ,SXR,Jammu,Srinagar,144.5,78,0.72,56,3000.0,400.0,190400.0,338.13,13982.684554645333,250000.0,263982.6845546453,-73582.68455464533,-1313.976509904381,17478.35569330667,267478.35569330666,-77078.35569330666,-76245.02235997333
IXR,BOM,Ranchi,Mumbai,1373.2,78,0.72,56,3000.0,400.0,190400.0,3213.29,132879.1306674838,250000.0,382879.1306674838,-192479.13066748378,-3437.127333347925,166098.91333435476,416098.91333435476,-225698.91333435476,-224865.58000102142
IXR,CCU,Ranchi,Kolkata,328.2,78,0.72,56,3000.0,400.0,190400.0,767.99,31758.67835188262,250000.0,281758.6783518826,-91358.67835188261,-1631.4049705693324,39698.34793985327,289698.34793985327,-99298.34793985327,-98465.01460651994
IXR,DEL,Ranchi,Delhi,1007.7,78,0.72,56,3000.0,400.0,190400.0,2358.02,97511.16385279268,250000.0,347511.1638527927,-157111.1638527927,-2805.556497371298,121888.95481599084,371888.9548159909,-181488.95481599087,-180655.62148265753
IXR,PAT,Ranchi,Patina,254.3,78,0.72,56,3000.0,400.0,190400.0,595.06,24607.5067905458,250000.0,274607.5067905458,-84207.50679054583,-1503.705478402604,30759.38348818225,280759.38348818227,-90359.38348818227,-89526.05015484894
JAI,AMD,Jaipur,Ahmedabad,525.5,78,0.72,56,3000.0,400.0,190400.0,1229.67,50850.524107032,250000.0,300850.524107032,-110450.52410703199,-1972.3307876255712,63563.155133789995,313563.15513379,-123163.15513378999,-122329.82180045666
JAI,BLR,Jaipur,Bangalore,1528.0,78,0.72,56,3000.0,400.0,190400.0,3575.52,147858.42214185515,250000.0,397858.4221418551,-207458.42214185512,-3704.6146811045555,184823.02767731895,434823.02767731895,-244423.02767731895,-243589.6943439856
JAI,BOM,Jaipur,Mumbai,911.3,78,0.72,56,3000.0,400.0,190400.0,2132.44,88182.75767222044,250000.0,338182.75767222047,-147782.75767222047,-2638.9778155753656,110228.44709027554,360228.4470902755,-169828.44709027553,-168995.11375694218
JAI,CCU,Jaipur,Kolkata,1356.7,78,0.72,56,3000.0,400.0,190400.0,3174.68,131282.49194671118,250000.0,381282.4919467112,-190882.4919467112,-3408.6159276198428,164103.11493338895,414103.11493338895,-223703.11493338895,-222869.7816000556
LKO,BLR,Lucknow,Bangalore,1544.1,78,0.72,56,3000.0,400.0,190400.0,3613.19,149416.18905746008,250000.0,399416.18905746005,-209016.18905746005,-3732.4319474546437,186770.2363218251,436770.23632182507,-246370.23632182507,-245536.90298849173
LKO,BOM,Lucknow,Mumbai,1183.6,78,0.72,56,3000.0,400.0,190400.0,2769.62,114532.05215815458,250000.0,364532.05215815455,-174132.05215815455,-3109.500931395617,143165.0651976932,393165.0651976932,-202765.06519769318,-201931.73186435984
LKO,DEL,Lucknow,Delhi,423.5,78,0.72,56,3000.0,400.0,190400.0,990.99,40980.3938331647,250000.0,290980.3938331647,-100580.39383316471,-1796.0784613065127,51225.49229145587,301225.49229145586,-110825.49229145586,-109992.15895812253
LKO,PAT,Lucknow,Patina,438.7,78,0.72,56,3000.0,400.0,190400.0,1026.56,42451.31948190552,250000.0,292451.31948190555,-102051.31948190555,-1822.3449907483134,53064.1493523819,303064.1493523819,-112664.14935238188,-111830.81601904855
MAA,AMD,Madras,Ahmedabad,1375.0,78,0.72,56,3000.0,400.0,190400.0,3217.5,133053.22673105422,250000.0,383053.22673105425,-192653.22673105425,-3440.236191625969,166316.53341381776,416316.53341381776,-225916.53341381776,-225083.2000804844
MAA,BLR,Madras,Bangalore,267.8,78,0.72,56,3000.0,400.0,190400.0,626.65,25913.847562087063,250000.0,275913.84756208706,-85513.84756208706,-1527.032992180126,32392.309452608828,282392.3094526088,-91992.30945260881,-91158.97611927548
MAA,BOM,Madras,Mumbai,1033.4,78,0.72,56,3000.0,400.0,190400.0,2418.16,99998.13232384337,250000.0,349998.13232384337,-159598.13232384337,-2849.96664864006,124997.66540480421,374997.6654048042,-184597.66540480423,-183764.33207147088
MAA,CCU,Madras,Kolkata,1385.7,78,0.72,56,3000.0,400.0,190400.0,3242.54,134088.70545594796,250000.0,384088.70545594796,-193688.70545594796,-3458.726883141928,167610.88181993493,417610.88181993493,-227210.88181993493,-226377.5484866016
MAA,CJB,Madras,Coimbatore,403.8,78,0.72,56,3000.0,400.0,190400.0,944.89,39074.02126057679,250000.0,289074.0212605768,-98674.02126057679,-1762.0360939388713,48842.526575720985,298842.526575721,-108442.52657572099,-107609.19324238766
MAA,COK,Madras,Kochi,517.7,78,0.72,56,3000.0,400.0,190400.0,1211.42,50095.83214499882,250000.0,300095.8321449988,-109695.83214499883,-1958.8541454464078,62619.79018124852,312619.7901812485,-122219.7901812485,-121386.45684791518
MAA,DEL,Madras,Delhi,1760.9,78,0.72,56,3000.0,400.0,190400.0,4120.51,170395.38501245572,250000.0,420395.38501245575,-229995.38501245575,-4107.060446650996,212994.23126556963,462994.23126556963,-272594.23126556963,-271760.8979322363
MAA,PNQ,Madras,Pune,912.9,78,0.72,56,3000.0,400.0,190400.0,2136.19,88337.83136304918,250000.0,338337.83136304916,-147937.83136304916,-2641.7469886258777,110422.28920381147,360422.28920381144,-170022.28920381144,-169188.9558704781
MAA,TRV,Madras,Trivandrum,614.2,78,0.72,56,3000.0,400.0,190400.0,1437.23,59433.749511941896,250000.0,309433.7495119419,-119033.74951194192,-2125.602669856106,74292.18688992737,324292.18688992737,-133892.18688992737,-133058.85355659403
MAA,VTZ,Madras,Vishakhapatnam,619.7,78,0.72,56,3000.0,400.0,190400.0,1450.1,59965.96241886611,250000.0,309965.9624188661,-119565.96241886611,-2135.1064717654663,74957.45302358264,324957.45302358264,-134557.45302358264,-133724.1196902493
NAG,BLR,Nagpur,Bangalore,889.3,78,0.72,56,3000.0,400.0,190400.0,2080.96,86053.90604452357,250000.0,336053.9060445236,-145653.90604452358,-2600.962607937921,107567.38255565446,357567.38255565445,-167167.38255565445,-166334.0492223211
NAG,BOM,Nagpur,Mumbai,682.6,78,0.72,56,3000.0,400.0,190400.0,1597.28,66052.29463651229,250000.0,316052.2946365123,-125652.29463651229,-2243.7909756520053,82565.36829564035,332565.36829564034,-142165.36829564034,-141332.034962307
NAG,CCU,Nagpur,Kolkata,985.2,78,0.72,56,3000.0,400.0,190400.0,2305.37,95333.92923355725,250000.0,345333.92923355725,-154933.92923355725,-2766.677307742094,119167.41154194655,369167.4115419466,-178767.41154194658,-177934.07820861324
NAG,DEL,Nagpur,Delhi,853.9,78,0.72,56,3000.0,400.0,190400.0,1998.13,82628.63836149848,250000.0,332628.6383614985,-142228.63836149848,-2539.797113598187,103285.7979518731,353285.7979518731,-162885.7979518731,-162052.46461853976
NAG,IDR,Nagpur,Indore,380.7,78,0.72,56,3000.0,400.0,190400.0,890.84,36838.89246343196,250000.0,286838.892463432,-96438.89246343198,-1722.1230797041426,46048.61557928995,296048.61557928997,-105648.61557928997,-104815.28224595664
NAG,PNQ,Nagpur,Pune,604.5,78,0.72,56,3000.0,400.0,190400.0,1414.53,58495.03677012529,250000.0,308495.03677012527,-118095.03677012527,-2108.8399423236656,73118.79596265662,323118.7959626566,-132718.79596265662,-131885.46262932327
PAT,CCU,Patina,Kolkata,472.0,78,0.72,56,3000.0,400.0,190400.0,1104.48,45673.544012405524,250000.0,295673.5440124055,-105273.5440124055,-1879.8847145072411,57091.9300155069,307091.9300155069,-116691.93001550692,-115858.5966821736
PAT,DEL,Patina,Delhi,856.7,78,0.72,56,3000.0,400.0,190400.0,2004.68,82899.500408146,250000.0,332899.500408146,-142499.500408146,-2544.63393585975,103624.37551018251,353624.3755101825,-163224.37551018252,-162391.04217684918
PAT,IXR,Patina,Ranchi,254.3,78,0.72,56,3000.0,400.0,190400.0,595.06,24607.5067905458,250000.0,274607.5067905458,-84207.50679054583,-1503.705478402604,30759.38348818225,280759.38348818227,-90359.38348818227,-89526.05015484894
PAT,LKO,Patina,Lucknow,438.7,78,0.72,56,3000.0,400.0,190400.0,1026.56,42451.31948190552,250000.0,292451.31948190555,-102051.31948190555,-1822.3449907483134,53064.1493523819,303064.1493523819,-112664.14935238188,-111830.81601904855
PNQ,AMD,Pune,Ahmedabad,517.4,78,0.72,56,3000.0,400.0,190400.0,1210.72,50066.88505604412,250000.0,300066.8850560441,-109666.88505604409,-1958.3372331436444,62583.60632005515,312583.60632005514,-122183.60632005514,-121350.27298672181
PNQ,BLR,Pune,Bangalore,722.7,78,0.72,56,3000.0,400.0,190400.0,1691.12,69932.85867581054,250000.0,319932.8586758105,-129532.85867581051,-2313.0867620680447,87416.07334476316,337416.07334476314,-147016.07334476314,-146182.7400114298
PNQ,CCU,Pune,Kolkata,1577.3,78,0.72,56,3000.0,400.0,190400.0,3690.88,152628.90240158924,250000.0,402628.9024015892,-212228.9024015892,-3789.8018285998073,190786.12800198657,440786.12800198654,-250386.12800198654,-249552.7946686532
PNQ,DEL,Pune,Delhi,1156.5,78,0.72,56,3000.0,400.0,190400.0,2706.21,111909.85942870124,250000.0,361909.8594287012,-171509.85942870122,-3062.6760612268076,139887.32428587653,389887.32428587653,-199487.32428587653,-198653.9909525432
PNQ,MAA,Pune,Madras,912.9,78,0.72,56,3000.0,400.0,190400.0,2136.19,88337.83136304918,250000.0,338337.83136304916,-147937.83136304916,-2641.7469886258777,110422.28920381147,360422.28920381144,-170022.28920381144,-169188.9558704781
PNQ,NAG,Pune,Nagpur,604.5,78,0.72,56,3000.0,400.0,190400.0,1414.53,58495.03677012529,250000.0,308495.03677012527,-118095.03677012527,-2108.8399423236656,73118.79596265662,323118.7959626566,-132718.79596265662,-131885.46262932327
RPR,CCU,Raipur,Kolkata,711.0,78,0.72,56,3000.0,400.0,190400.0,1663.74,68800.61396783967,250000.0,318800.6139678397,-128400.61396783969,-2292.868106568566,86000.7674597996,336000.7674597996,-145600.7674597996,-144767.43412646625
RPR,DEL,Raipur,Delhi,944.8,78,0.72,56,3000.0,400.0,190400.0,2210.83,91424.4181053043,250000.0,341424.4181053043,-151024.4181053043,-2696.864609023291,114280.52263163037,364280.52263163036,-173880.52263163036,-173047.18929829702
RPR,IDR,Raipur,Indore,635.8,78,0.72,56,3000.0,400.0,190400.0,1487.77,61523.72933447103,250000.0,311523.72933447105,-121123.72933447105,-2162.9237381155544,76904.66166808878,326904.66166808875,-136504.66166808875,-135671.3283347554
SXR,BOM,Srinagar,Mumbai,1667.3,78,0.72,56,3000.0,400.0,190400.0,3901.48,161337.840878531,250000.0,411337.840878531,-220937.840878531,-3945.3185871166247,201672.3010981637,451672.3010981637,-261272.3010981637,-260438.96776483036
SXR,DEL,Srinagar,Delhi,642.0,78,0.72,56,3000.0,400.0,190400.0,1502.28,62123.76113551768,250000.0,312123.7611355177,-121723.76113551768,-2173.6385917056728,77654.7014193971,327654.7014193971,-137254.70141939708,-136421.36808606374
SXR,IXJ,Srinagar,Jammu,144.5,78,0.72,56,3000.0,400.0,190400.0,338.13,13982.684554645333,250000.0,263982.6845546453,-73582.68455464533,-1313.976509904381,17478.35569330667,267478.35569330666,-77078.35569330666,-76245.02235997333
TRV,BLR,Trivandrum,Bangalore,531.3,78,0.72,56,3000.0,400.0,190400.0,1243.24,51411.684102910905,250000.0,301411.6841029109,-111011.68410291092,-1982.351501837695,64264.605128638636,314264.6051286386,-123864.60512863862,-123031.27179530529
TRV,BOM,Trivandrum,Mumbai,1257.7,78,0.72,56,3000.0,400.0,190400.0,2943.02,121702.65962207527,250000.0,371702.65962207527,-181302.65962207527,-3237.547493251344,152128.3245275941,402128.3245275941,-211728.3245275941,-210894.99119426074
TRV,COK,Trivandrum,Kochi,194.2,78,0.72,56,3000.0,400.0,190400.0,454.43,18792.036619547154,250000.0,268792.0366195472,-78392.03661954717,-1399.857796777628,23490.045774433944,273490.04577443394,-83090.04577443394,-82256.71244110061
TRV,MAA,Trivandrum,Madras,614.2,78,0.72,56,3000.0,400.0,190400.0,1437.23,59433.749511941896,250000.0,309433.7495119419,-119033.74951194192,-2125.602669856106,74292.18688992737,324292.18688992737,-133892.18688992737,-133058.85355659403
VNS,DEL,Varanasi,Delhi,667.0,78,0.72,56,3000.0,400.0,190400.0,1560.78,64542.91071244593,250000.0,314542.9107124459,-124142.91071244591,-2216.837691293677,80678.63839055742,330678.63839055743,-140278.63839055743,-139445.3050572241
VTZ,BBI,Vishakhapatnam,Bhubaneswar,391.2,78,0.72,56,3000.0,400.0,190400.0,915.41,37854.93528574183,250000.0,287854.9352857418,-97454.93528574181,-1740.2667015311038,47318.66910717729,297318.6691071773,-106918.6691071773,-106085.33577384397
VTZ,BLR,Vishakhapatnam,Bangalore,776.2,78,0.72,56,3000.0,400.0,190400.0,1816.31,75109.83877043701,250000.0,325109.838770437,-134709.838770437,-2405.532835186375,93887.29846304626,343887.29846304626,-153487.29846304626,-152653.96512971292
VTZ,MAA,Vishakhapatnam,Madras,619.7,78,0.72,56,3000.0,400.0,190400.0,1450.1,59965.96241886611,250000.0,309965.9624188661,-119565.96241886611,-2135.1064717654663,74957.45302358264,324957.45302358264,-134557.45302358264,-133724.1196902493
AJL,CCU,Aizwal,Kolkata,446.2,78,0.72,56,3000.0,400.0,190400.0,1044.11,43177.064354983995,250000.0,293177.064354984,-102777.06435498397,-1835.3047206247138,53971.330443729996,303971.33044373,-113571.33044373,-112737.99711039667
AJL,GAU,Aizwal,Guwahati,272.6,78,0.72,56,3000.0,400.0,190400.0,637.88,26378.241574888845,250000.0,276378.2415748888,-85978.24157488882,-1535.325742408729,32972.80196861106,282972.8019686111,-92572.80196861108,-91739.46863527775
ATQ,DEL,Amritsar,Delhi,413.9,78,0.72,56,3000.0,400.0,190400.0,968.53,40051.60580756113,250000.0,290051.60580756114,-99651.60580756114,-1779.492960849306,50064.50725945141,300064.50725945143,-109664.50725945143,-108831.1739261181
BHJ,BOM,Bhuj,Mumbai,572.6,78,0.72,56,3000.0,400.0,190400.0,1339.88,55408.036498027956,250000.0,305408.03649802797,-115008.03649802797,-2053.714937464785,69260.04562253493,319260.04562253493,-128860.04562253493,-128026.7122892016
BHO,BOM,Bhopal,Mumbai,657.7,78,0.72,56,3000.0,400.0,190400.0,1539.02,63643.06977579706,250000.0,313643.0697757971,-123243.06977579708,-2200.7691031392337,79553.83721974633,329553.8372197463,-139153.83721974632,-138320.50388641297
BHO,DEL,Bhopal,Delhi,587.5,78,0.72,56,3000.0,400.0,190400.0,1374.75,56850.015057814075,250000.0,306850.0150578141,-116450.01505781407,-2079.4645546038228,71062.5188222676,321062.5188222676,-130662.5188222676,-129829.18548893426
BHU,BOM,Bhaunagar,Mumbai,304.6,78,0.72,56,3000.0,400.0,190400.0,712.76,29474.753033357018,250000.0,279474.75303335703,-89074.75303335703,-1590.6205898813755,36843.44129169627,286843.4412916963,-96443.44129169628,-95610.10795836295
BLR,CJB,Bangalore,Coimbatore,251.6,78,0.72,56,3000.0,400.0,190400.0,588.74,24346.15593026911,250000.0,274346.1559302691,-83946.1559302691,-1499.0384987548055,30432.694912836385,280432.69491283636,-90032.69491283636,-89199.36157950303
BLR,IDR,Bangalore,Indore,1078.0,78,0.72,56,3000.0,400.0,190400.0,2522.52,104313.7297571465,250000.0,354313.7297571465,-163913.7297571465,-2927.030888520473,130392.16219643313,380392.1621964331,-189992.1621964331,-189158.82886309977
BLR,IXE,Bangalore,Mangalore,306.2,78,0.72,56,3000.0,400.0,190400.0,716.51,29629.82672418575,250000.0,279629.8267241857,-89229.82672418572,-1593.3897629318878,37037.283405232185,287037.2834052322,-96637.28340523219,-95803.95007189886
BOM,BHJ,Mumbai,Bhuj,572.6,78,0.72,56,3000.0,400.0,190400.0,1339.88,55408.036498027956,250000.0,305408.03649802797,-115008.03649802797,-2053.714937464785,69260.04562253493,319260.04562253493,-128860.04562253493,-128026.7122892016
BOM,BHO,Mumbai,Bhopal,657.7,78,0.72,56,3000.0,400.0,190400.0,1539.02,63643.06977579706,250000.0,313643.0697757971,-123243.06977579708,-2200.7691031392337,79553.83721974633,329553.8372197463,-139153.83721974632,-138320.50388641297
BOM,BHU,Mumbai,Bhaunagar,304.6,78,0.72,56,3000.0,400.0,190400.0,712.76,29474.753033357018,250000.0,279474.75303335703,-89074.75303335703,-1590.6205898813755,36843.44129169627,286843.4412916963,-96443.44129169628,-95610.10795836295
BOM,CCJ,Mumbai,Calicut,944.2,78,0.72,56,3000.0,400.0,190400.0,2209.43,91366.5239273949,250000.0,341366.5239273949,-150966.52392739488,-2695.8307844177657,114208.15490924362,364208.15490924363,-173808.15490924363,-172974.8215759103
BOM,DIU,Mumbai,Diu,272.1,78,0.72,56,3000.0,400.0,190400.0,636.71,26329.858583350284,250000.0,276329.85858335026,-85929.85858335026,-1534.461760416969,32912.32322918785,282912.32322918787,-92512.32322918787,-91678.98989585454
BOM,IXE,Mumbai,Mangalore,714.8,78,0.72,56,3000.0,400.0,190400.0,1672.63,69168.24199756433,250000.0,319168.2419975643,-128768.24199756433,-2299.432892813649,86460.30249695541,336460.3024969554,-146060.30249695538,-145226.96916362204
BOM,IXU,Mumbai,Aurangabad,278.9,78,0.72,56,3000.0,400.0,190400.0,652.63,26988.198092148534,250000.0,276988.1980921485,-86588.19809214852,-1546.2178230740808,33735.24761518567,283735.2476151857,-93335.24761518568,-92501.91428185235
BOM,JDH,Mumbai,Jodhpur,796.6,78,0.72,56,3000.0,400.0,190400.0,1864.04,77083.61670730515,250000.0,327083.61670730513,-136683.61670730513,-2440.778869773306,96354.52088413143,346354.52088413143,-155954.52088413143,-155121.1875507981
BOM,PNQ,Mumbai,Pune,124.2,78,0.72,56,3000.0,400.0,190400.0,290.63,12018.41780414803,250000.0,262018.41780414802,-71618.41780414802,-1278.9003179312147,15023.022255185037,265023.02225518506,-74623.02225518506,-73789.68892185173
BOM,RAJ,Mumbai,Rajkot,418.8,78,0.72,56,3000.0,400.0,190400.0,979.99,40525.511006733745,250000.0,290525.51100673375,-100125.51100673375,-1787.9555536916741,50656.88875841718,300656.88875841716,-110256.88875841716,-109423.55542508383
BOM,RPR,Mumbai,Raipur,954.7,78,0.72,56,3000.0,400.0,190400.0,2234.0,92382.56674970478,250000.0,342382.56674970477,-151982.56674970477,-2713.974406244728,115478.20843713096,365478.20843713096,-175078.20843713096,-174244.87510379762
BOM,UDR,Mumbai,Udaipur,623.9,78,0.72,56,3000.0,400.0,190400.0,1459.93,60372.4622537585,250000.0,310372.4622537585,-119972.46225375851,-2142.365397388545,75465.57781719812,325465.5778171981,-135065.57781719812,-134232.24448386478
BOM,VTZ,Mumbai,Vishakhapatnam,1103.0,78,0.72,56,3000.0,400.0,190400.0,2581.02,106732.87933407477,250000.0,356732.8793340748,-166332.8793340748,-2970.2299881084787,133416.09916759346,383416.09916759346,-193016.09916759346,-192182.76583426012
CCJ,BOM,Calicut,Mumbai,944.2,78,0.72,56,3000.0,400.0,190400.0,2209.43,91366.5239273949,250000.0,341366.5239273949,-150966.52392739488,-2695.8307844177657,114208.15490924362,364208.15490924363,-173808.15490924363,-172974.8215759103
CCU,AJL,Kolkata,Aizwal,446.2,78,0.72,56,3000.0,400.0,190400.0,1044.11,43177.064354983995,250000.0,293177.064354984,-102777.06435498397,-1835.3047206247138,53971.330443729996,303971.33044373,-113571.33044373,-112737.99711039667
CCU,IXS,Kolkata,Silchar,525.0,78,0.72,56,3000.0,400.0,190400.0,1228.5,50802.141115493425,250000.0,300802.14111549343,-110402.14111549343,-1971.4668056338112,63502.67639436678,313502.6763943668,-123102.67639436678,-122269.34306103345
CCU,IXZ,Kolkata,Port Blair,1306.1,78,0.72,56,3000.0,400.0,190400.0,3056.27,126385.88508510306,250000.0,376385.88508510304,-185985.88508510304,-3321.17651937684,157982.35635637882,407982.3563563788,-217582.35635637882,-216749.02302304548
CCU,VNS,Kolkata,Varanasi,646.9,78,0.72,56,3000.0,400.0,190400.0,1513.75,62598.0798645325,250000.0,312598.0798645325,-122198.07986453251,-2182.108569009509,78247.59983066563,328247.5998306656,-137847.59983066563,-137014.26649733228
CCU,VTZ,Kolkata,Vishakhapatnam,773.1,78,0.72,56,3000.0,400.0,190400.0,1809.05,74809.61610499259,250000.0,324809.6161049926,-134409.61610499257,-2400.1717161605816,93512.02013124072,343512.0201312407,-153112.02013124072,-152278.68679790737
CJB,BLR,Coimbatore,Bangalore,251.6,78,0.72,56,3000.0,400.0,190400.0,588.74,24346.15593026911,250000.0,274346.1559302691,-83946.1559302691,-1499.0384987548055,30432.694912836385,280432.69491283636,-90032.69491283636,-89199.36157950303
DED,DEL,Dehra Dun,Delhi,208.5,78,0.72,56,3000.0,400.0,190400.0,487.89,20175.707471581674,250000.0,270175.7074715817,-79775.7074715817,-1424.566204849673,25219.634339477092,275219.6343394771,-84819.63433947711,-83986.30100614378
DEL,ATQ,Delhi,Amritsar,413.9,78,0.72,56,3000.0,400.0,190400.0,968.53,40051.60580756113,250000.0,290051.60580756114,-99651.60580756114,-1779.492960849306,50064.50725945141,300064.50725945143,-109664.50725945143,-108831.1739261181
DEL,BHO,Delhi,Bhopal,587.5,78,0.72,56,3000.0,400.0,190400.0,1374.75,56850.015057814075,250000.0,306850.0150578141,-116450.01505781407,-2079.4645546038228,71062.5188222676,321062.5188222676,-130662.5188222676,-129829.18548893426
DEL,DED,Delhi,Dehra Dun,208.5,78,0.72,56,3000.0,400.0,190400.0,487.89,20175.707471581674,250000.0,270175.7074715817,-79775.7074715817,-1424.566204849673,25219.634339477092,275219.6343394771,-84819.63433947711,-83986.30100614378
DEL,GOP,Delhi,Gorakhpur,657.2,78,0.72,56,3000.0,400.0,190400.0,1537.85,63594.6867842585,250000.0,313594.6867842585,-123194.68678425852,-2199.9051211474734,79493.35848032312,329493.3584803231,-139093.3584803231,-138260.02514698976
DEL,IXC,Delhi,Chandigarh,236.3,78,0.72,56,3000.0,400.0,190400.0,552.94,22865.71909515746,250000.0,272865.71909515746,-82465.71909515746,-1472.6021266992404,28582.148868946824,278582.1488689468,-88182.14886894682,-87348.8155356135
DEL,IXL,Delhi,Leh,620.7,78,0.72,56,3000.0,400.0,190400.0,1452.44,60062.72840194325,250000.0,310062.7284019432,-119662.72840194323,-2136.8344357489864,75078.41050242906,325078.41050242906,-134678.41050242906,-133845.07716909572
DEL,JAI,Delhi,Jaipur,231.7,78,0.72,56,3000.0,400.0,190400.0,542.18,22420.76098493954,250000.0,272420.7609849395,-82020.76098493952,-1464.6564461596342,28025.951231174422,278025.9512311744,-87625.9512311744,-86792.61789784108
DEL,JDH,Delhi,Jodhpur,475.8,78,0.72,56,3000.0,400.0,190400.0,1113.37,46041.17204213017,250000.0,296041.17204213014,-105641.17204213014,-1886.449500752324,57551.46505266271,307551.4650526627,-117151.46505266271,-116318.13171932938
DEL,UDR,Delhi,Udaipur,542.6,78,0.72,56,3000.0,400.0,190400.0,1269.68,52505.05700571404,250000.0,302505.05700571404,-112105.05700571404,-2001.8760179591793,65631.32125714255,315631.3212571426,-125231.32125714258,-124397.98792380925
DIU,PBD,Diu,Porbandar,167.3,78,0.72,56,3000.0,400.0,190400.0,391.48,16188.866262835465,250000.0,266188.86626283545,-75788.86626283545,-1353.3726118363472,20236.08282854433,270236.0828285443,-79836.08282854431,-79002.74949521098
GAU,AJL,Guwahati,Aizwal,272.6,78,0.72,56,3000.0,400.0,190400.0,637.88,26378.241574888845,250000.0,276378.2415748888,-85978.24157488882,-1535.325742408729,32972.80196861106,282972.8019686111,-92572.80196861108,-91739.46863527775
GAU,DIB,Guwahati,Mohanbari,373.4,78,0.72,56,3000.0,400.0,190400.0,873.76,36132.58349293735,250000.0,286132.5834929374,-95732.58349293738,-1709.510419516739,45165.72936617169,295165.7293661717,-104765.7293661717,-103932.39603283837
GAU,IXS,Guwahati,Silchar,192.7,78,0.72,56,3000.0,400.0,190400.0,450.92,18646.88764493146,250000.0,268646.88764493144,-78246.88764493144,-1397.2658508023471,23308.609556164323,273308.6095561643,-82908.6095561643,-82075.27622283097
GOI,MAA,Goa,Madras,733.1,78,0.72,56,3000.0,400.0,190400.0,1715.45,70938.97678190737,250000.0,320938.9767819074,-130538.97678190737,-2331.0531568197744,88673.7209773842,338673.7209773842,-148273.7209773842,-147440.38764405085
GOP,DEL,Gorakhpur,Delhi,657.2,78,0.72,56,3000.0,400.0,190400.0,1537.85,63594.6867842585,250000.0,313594.6867842585,-123194.68678425852,-2199.9051211474734,79493.35848032312,329493.3584803231,-139093.3584803231,-138260.02514698976
IDR,BLR,Indore,Bangalore,1078.0,78,0.72,56,3000.0,400.0,190400.0,2522.52,104313.7297571465,250000.0,354313.7297571465,-163913.7297571465,-2927.030888520473,130392.16219643313,380392.1621964331,-189992.1621964331,-189158.82886309977
IDR,PNQ,Indore,Pune,500.2,78,0.72,56,3000.0,400.0,190400.0,1170.47,48402.42744114904,250000.0,298402.427441149,-108002.42744114902,-1928.614775734804,60503.034301436295,310503.0343014363,-120103.03430143627,-119269.70096810294
IXC,DEL,Chandigarh,Delhi,236.3,78,0.72,56,3000.0,400.0,190400.0,552.94,22865.71909515746,250000.0,272865.71909515746,-82465.71909515746,-1472.6021266992404,28582.148868946824,278582.1488689468,-88182.14886894682,-87348.8155356135
IXE,BLR,Mangalore,Bangalore,306.2,78,0.72,56,3000.0,400.0,190400.0,716.51,29629.82672418575,250000.0,279629.8267241857,-89229.82672418572,-1593.3897629318878,37037.283405232185,287037.2834052322,-96637.28340523219,-95803.95007189886
IXE,BOM,Mangalore,Mumbai,714.8,78,0.72,56,3000.0,400.0,190400.0,1672.63,69168.24199756433,250000.0,319168.2419975643,-128768.24199756433,-2299.432892813649,86460.30249695541,336460.3024969554,-146060.30249695538,-145226.96916362204
IXL,DEL,Leh,Delhi,620.7,78,0.72,56,3000.0,400.0,190400.0,1452.44,60062.72840194325,250000.0,310062.7284019432,-119662.72840194323,-2136.8344357489864,75078.41050242906,325078.41050242906,-134678.41050242906,-133845.07716909572
IXM,MAA,Madurai,Madras,417.5,78,0.72,56,3000.0,400.0,190400.0,976.95,40399.79793470192,250000.0,290399.7979347019,-99999.7979347019,-1785.7106774053912,50499.747418377396,300499.7474183774,-110099.74741837737,-109266.41408504405
IXS,CCU,Silchar,Kolkata,525.0,78,0.72,56,3000.0,400.0,190400.0,1228.5,50802.141115493425,250000.0,300802.14111549343,-110402.14111549343,-1971.4668056338112,63502.67639436678,313502.6763943668,-123102.67639436678,-122269.34306103345
IXS,GAU,Silchar,Guwahati,192.7,78,0.72,56,3000.0,400.0,190400.0,450.92,18646.88764493146,250000.0,268646.88764493144,-78246.88764493144,-1397.2658508023471,23308.609556164323,273308.6095561643,-82908.6095561643,-82075.27622283097
IXU,BOM,Aurangabad,Mumbai,278.9,78,0.72,56,3000.0,400.0,190400.0,652.63,26988.198092148534,250000.0,276988.1980921485,-86588.19809214852,-1546.2178230740808,33735.24761518567,283735.2476151857,-93335.24761518568,-92501.91428185235
IXZ,CCU,Port Blair,Kolkata,1306.1,78,0.72,56,3000.0,400.0,190400.0,3056.27,126385.88508510306,250000.0,376385.88508510304,-185985.88508510304,-3321.17651937684,157982.35635637882,407982.3563563788,-217582.35635637882,-216749.02302304548
IXZ,MAA,Port Blair,Madras,1372.6,78,0.72,56,3000.0,400.0,190400.0,3211.88,132820.82295973224,250000.0,382820.82295973226,-192420.82295973226,-3436.0861242809333,166026.02869966527,416026.0286996653,-225626.02869966527,-224792.69536633193
JAI,DEL,Jaipur,Delhi,231.7,78,0.72,56,3000.0,400.0,190400.0,542.18,22420.76098493954,250000.0,272420.7609849395,-82020.76098493952,-1464.6564461596342,28025.951231174422,278025.9512311744,-87625.9512311744,-86792.61789784108
JDH,BOM,Jodhpur,Mumbai,796.6,78,0.72,56,3000.0,400.0,190400.0,1864.04,77083.61670730515,250000.0,327083.61670730513,-136683.61670730513,-2440.778869773306,96354.52088413143,346354.52088413143,-155954.52088413143,-155121.1875507981
JDH,DEL,Jodhpur,Delhi,475.8,78,0.72,56,3000.0,400.0,190400.0,1113.37,46041.17204213017,250000.0,296041.17204213014,-105641.17204213014,-1886.449500752324,57551.46505266271,307551.4650526627,-117151.46505266271,-116318.13171932938
MAA,GOI,Madras,Goa,733.1,78,0.72,56,3000.0,400.0,190400.0,1715.45,70938.97678190737,250000.0,320938.9767819074,-130538.97678190737,-2331.0531568197744,88673.7209773842,338673.7209773842,-148273.7209773842,-147440.38764405085
MAA,IXM,Madras,Madurai,417.5,78,0.72,56,3000.0,400.0,190400.0,976.95,40399.79793470192,250000.0,290399.7979347019,-99999.7979347019,-1785.7106774053912,50499.747418377396,300499.7474183774,-110099.74741837737,-109266.41408504405
MAA,IXZ,Madras,Port Blair,1372.6,78,0.72,56,3000.0,400.0,190400.0,3211.88,132820.82295973224,250000.0,382820.82295973226,-192420.82295973226,-3436.0861242809333,166026.02869966527,416026.0286996653,-225626.02869966527,-224792.69536633193
MAA,TRZ,Madras,Tiruchirappalli,294.0,78,0.72,56,3000.0,400.0,190400.0,687.96,28449.19902467632,250000.0,278449.19902467635,-88049.19902467635,-1572.307125440649,35561.4987808454,285561.49878084543,-95161.49878084543,-94328.1654475121
PBD,BOM,Porbandar,Mumbai,439.3,78,0.72,56,3000.0,400.0,190400.0,1027.96,42509.213659814915,250000.0,292509.2136598149,-102109.21365981491,-1823.3788153538376,53136.51707476864,303136.51707476866,-112736.51707476866,-111903.18374143534
PNQ,BOM,Pune,Mumbai,124.2,78,0.72,56,3000.0,400.0,190400.0,290.63,12018.41780414803,250000.0,262018.41780414802,-71618.41780414802,-1278.9003179312147,15023.022255185037,265023.02225518506,-74623.02225518506,-73789.68892185173
PNQ,IDR,Pune,Indore,500.2,78,0.72,56,3000.0,400.0,190400.0,1170.47,48402.42744114904,250000.0,298402.427441149,-108002.42744114902,-1928.614775734804,60503.034301436295,310503.0343014363,-120103.03430143627,-119269.70096810294
RAJ,BOM,Rajkot,Mumbai,418.8,78,0.72,56,3000.0,400.0,190400.0,979.99,40525.511006733745,250000.0,290525.51100673375,-100125.51100673375,-1787.9555536916741,50656.88875841718,300656.88875841716,-110256.88875841716,-109423.55542508383
RPR,BHO,Raipur,Bhopal,510.0,78,0.72,56,3000.0,400.0,190400.0,1193.4,49350.651369336476,250000.0,299350.65136933647,-108950.65136933647,-1945.5473458810084,61688.31421167059,311688.3142116706,-121288.3142116706,-120454.98087833727
RPR,BOM,Raipur,Mumbai,954.7,78,0.72,56,3000.0,400.0,190400.0,2234.0,92382.56674970478,250000.0,342382.56674970477,-151982.56674970477,-2713.974406244728,115478.20843713096,365478.20843713096,-175078.20843713096,-174244.87510379762
TRZ,MAA,Tiruchirappalli,Madras,294.0,78,0.72,56,3000.0,400.0,190400.0,687.96,28449.19902467632,250000.0,278449.19902467635,-88049.19902467635,-1572.307125440649,35561.4987808454,285561.49878084543,-95161.49878084543,-94328.1654475121
UDR,BOM,Udaipur,Mumbai,623.9,78,0.72,56,3000.0,400.0,190400.0,1459.93,60372.4622537585,250000.0,310372.4622537585,-119972.46225375851,-2142.365397388545,75465.57781719812,325465.5778171981,-135065.57781719812,-134232.24448386478
UDR,DEL,Udaipur,Delhi,542.6,78,0.72,56,3000.0,400.0,190400.0,1269.68,52505.05700571404,250000.0,302505.05700571404,-112105.05700571404,-2001.8760179591793,65631.32125714255,315631.3212571426,-125231.32125714258,-124397.98792380925
VNS,CCU,Varanasi,Kolkata,646.9,78,0.72,56,3000.0,400.0,190400.0,1513.75,62598.0798645325,250000.0,312598.0798645325,-122198.07986453251,-2182.108569009509,78247.59983066563,328247.5998306656,-137847.59983066563,-137014.26649733228
VTZ,BOM,Vishakhapatnam,Mumbai,1103.0,78,0.72,56,3000.0,400.0,190400.0,2581.02,106732.87933407477,250000.0,356732.8793340748,-166332.8793340748,-2970.2299881084787,133416.09916759346,383416.09916759346,-193016.09916759346,-192182.76583426012
VTZ,CCU,Vishakhapatnam,Kolkata,773.1,78,0.72,56,3000.0,400.0,190400.0,1809.05,74809.61610499259,250000.0,324809.6161049926,-134409.61610499257,-2400.1717161605816,93512.02013124072,343512.0201312407,-153112.02013124072,-152278.68679790737
AGR,BOM,Agra,Mumbai,1036.9,78,0.72,56,3000.0,400.0,190400.0,2426.35,100336.81326461333,250000.0,350336.81326461333,-159936.81326461333,-2856.014522582381,125421.01658076666,375421.01658076665,-185021.01658076665,-184187.6832474333
AGR,HJR,Agra,Khajuraho,325.4,78,0.72,56,3000.0,400.0,190400.0,761.44,31487.816305235097,250000.0,281487.8163052351,-91087.81630523509,-1626.5681483077694,39359.77038154387,289359.7703815439,-98959.7703815439,-98126.43704821057
AGX,COK,Agatti Island,Kochi,468.0,78,0.72,56,3000.0,400.0,190400.0,1095.12,45286.480080097,250000.0,295286.480080097,-104886.48008009698,-1872.9728585731605,56608.10010012124,306608.1001001212,-116208.10010012123,-115374.7667667879
AJL,IMF,Aizwal,Imphal,164.9,78,0.72,56,3000.0,400.0,190400.0,385.87,15956.876021355678,250000.0,265956.8760213557,-75556.87602135568,-1349.22992895278,19946.095026694595,269946.0950266946,-79546.09502669459,-78712.76169336126
BBI,IXZ,Bhubaneswar,Port Blair,1208.3,78,0.72,56,3000.0,400.0,190400.0,2827.42,116922.25464612815,250000.0,366922.25464612816,-176522.25464612816,-3152.18311868086,146152.81830766017,396152.81830766017,-205752.81830766017,-204919.48497432683
BOM,AGR,Mumbai,Agra,1036.9,78,0.72,56,3000.0,400.0,190400.0,2426.35,100336.81326461333,250000.0,350336.81326461333,-159936.81326461333,-2856.014522582381,125421.01658076666,375421.01658076665,-185021.01658076665,-184187.6832474333
BOM,GWL,Mumbai,Gwalior,971.3,78,0.72,56,3000.0,400.0,190400.0,2272.84,93988.71665684826,250000.0,343988.71665684826,-153588.71665684826,-2742.655654586576,117485.89582106033,367485.89582106035,-177085.89582106035,-176252.562487727
BOM,IXD,Mumbai,Allahabad,1153.1,78,0.72,56,3000.0,400.0,190400.0,2698.25,111580.6896743021,250000.0,361580.6896743021,-171180.68967430212,-3056.798029898252,139475.86209287762,389475.8620928776,-199075.86209287762,-198242.52875954428
BOM,JGA,Mumbai,Jamnagar,478.6,78,0.72,56,3000.0,400.0,190400.0,1119.92,46312.0340887777,250000.0,296312.0340887777,-105912.03408877773,-1891.286323013888,57890.04261097212,307890.04261097213,-117490.04261097213,-116656.7092776388
BOM,VNS,Mumbai,Varanasi,1247.3,78,0.72,56,3000.0,400.0,190400.0,2918.68,120696.12798613623,250000.0,370696.12798613624,-180296.12798613624,-3219.573714038147,150870.15998267027,400870.1599826703,-210470.15998267027,-209636.82664933693
CCJ,CJB,Calicut,Coimbatore,119.3,78,0.72,56,3000.0,400.0,190400.0,279.16,11544.099075133208,250000.0,261544.0990751332,-71144.09907513321,-1270.4303406273789,14430.12384391651,264430.1238439165,-74030.12384391652,-73196.79051058319
CCJ,COK,Calicut,Kochi,119.9,78,0.72,56,3000.0,400.0,190400.0,280.57,11602.406782884811,250000.0,261602.40678288482,-71202.40678288482,-1271.4715496943718,14503.008478606014,264503.008478606,-74103.008478606,-73269.67514527267
CCU,DMU,Kolkata,Dimapur,648.1,78,0.72,56,3000.0,400.0,190400.0,1516.55,62713.86822035129,250000.0,312713.8682203513,-122313.86822035129,-2184.176218220559,78392.33527543911,328392.3352754391,-137992.33527543908,-137159.00194210574
CCU,SHL,Kolkata,Shillong,493.2,78,0.72,56,3000.0,400.0,190400.0,1154.09,47725.065559609124,250000.0,297725.0655596091,-107325.0655596091,-1916.5190278501625,59656.3319495114,309656.3319495114,-119256.33194951143,-118422.9986161781
CJB,CCJ,Coimbatore,Calicut,119.3,78,0.72,56,3000.0,400.0,190400.0,279.16,11544.099075133208,250000.0,261544.0990751332,-71144.09907513321,-1270.4303406273789,14430.12384391651,264430.1238439165,-74030.12384391652,-73196.79051058319
COK,AGX,Kochi,Agatti Island,468.0,78,0.72,56,3000.0,400.0,190400.0,1095.12,45286.480080097,250000.0,295286.480080097,-104886.48008009698,-1872.9728585731605,56608.10010012124,306608.1001001212,-116208.10010012123,-115374.7667667879
COK,CCJ,Kochi,Calicut,119.9,78,0.72,56,3000.0,400.0,190400.0,280.57,11602.406782884811,250000.0,261602.40678288482,-71202.40678288482,-1271.4715496943718,14503.008478606014,264503.008478606,-74103.008478606,-73269.67514527267
DED,LKO,Dehra Dun,Lucknow,464.2,78,0.72,56,3000.0,400.0,190400.0,1086.23,44918.85205037235,250000.0,294918.85205037234,-104518.85205037234,-1866.4080723280774,56148.565062965434,306148.56506296544,-115748.56506296544,-114915.23172963211
DEL,DHM,Delhi,Kangra,408.2,78,0.72,56,3000.0,400.0,190400.0,955.19,39499.95699805305,250000.0,289499.95699805307,-99099.95699805307,-1769.6420892509475,49374.94624756631,299374.9462475663,-108974.94624756632,-108141.61291423299
DEL,IXD,Delhi,Allahabad,575.5,78,0.72,56,3000.0,400.0,190400.0,1346.67,55688.823260888516,250000.0,305688.8232608885,-115288.82326088852,-2058.7289868015805,69611.02907611064,319611.02907611063,-129211.02907611063,-128377.6957427773
DEL,IXU,Delhi,Aurangabad,983.1,78,0.72,56,3000.0,400.0,190400.0,2300.45,95130.47255118995,250000.0,345130.47255118995,-154730.47255118995,-2763.0441526998206,118913.09068898743,368913.0906889874,-178513.0906889874,-177679.75735565406
DEL,JLR,Delhi,Jabalpur,667.8,78,0.72,56,3000.0,400.0,190400.0,1562.65,64620.2407929392,250000.0,314620.2407929392,-124220.2407929392,-2218.2185855882003,80775.300991174,330775.300991174,-140375.300991174,-139541.96765784067
DEL,\N,Delhi,Kanpur,399.1,78,0.72,56,3000.0,400.0,190400.0,933.89,38619.13843414583,250000.0,288619.13843414583,-98219.13843414583,-1753.9131863240327,48273.92304268229,298273.9230426823,-107873.92304268229,-107040.58970934896
DEL,KUU,Delhi,Kulu,368.1,78,0.72,56,3000.0,400.0,190400.0,861.35,35619.3929587548,250000.0,285619.3929587548,-95219.39295875479,-1700.346302834907,44524.241198443495,294524.2411984435,-104124.24119844352,-103290.90786511019
DEL,LUH,Delhi,Ludhiaha,277.6,78,0.72,56,3000.0,400.0,190400.0,649.58,26862.0714902745,250000.0,276862.0714902745,-86462.07149027451,-1543.9655623263304,33577.58936284312,283577.58936284314,-93177.58936284314,-92344.25602950981
DEL,STV,Delhi,Surat,938.0,78,0.72,56,3000.0,400.0,190400.0,2194.92,90766.49212634827,250000.0,340766.49212634825,-150366.49212634825,-2685.1159308276474,113458.11515793532,363458.1151579353,-173058.1151579353,-172224.78182460196
DEL,VTZ,Delhi,Vishakhapatnam,1358.0,78,0.72,56,3000.0,400.0,190400.0,3177.72,131408.205018743,250000.0,381408.205018743,-191008.205018743,-3410.860803906125,164260.25627342873,414260.25627342873,-223860.25627342873,-223026.9229400954
DHM,DEL,Kangra,Delhi,408.2,78,0.72,56,3000.0,400.0,190400.0,955.19,39499.95699805305,250000.0,289499.95699805307,-99099.95699805307,-1769.6420892509475,49374.94624756631,299374.9462475663,-108974.94624756632,-108141.61291423299
DIB,DMU,Mohanbari,Dimapur,216.7,78,0.72,56,3000.0,400.0,190400.0,507.08,20969.271238782585,250000.0,270969.27123878256,-80569.27123878256,-1438.7369864068314,26211.589048478232,276211.5890484782,-85811.58904847823,-84978.2557151449
DMU,CCU,Dimapur,Kolkata,648.1,78,0.72,56,3000.0,400.0,190400.0,1516.55,62713.86822035129,250000.0,312713.8682203513,-122313.86822035129,-2184.176218220559,78392.33527543911,328392.3352754391,-137992.33527543908,-137159.00194210574
DMU,DIB,Dimapur,Mohanbari,216.7,78,0.72,56,3000.0,400.0,190400.0,507.08,20969.271238782585,250000.0,270969.27123878256,-80569.27123878256,-1438.7369864068314,26211.589048478232,276211.5890484782,-85811.58904847823,-84978.2557151449
GOI,PNQ,Goa,Pune,356.1,78,0.72,56,3000.0,400.0,190400.0,833.27,34458.20116182923,250000.0,284458.20116182923,-94058.20116182923,-1679.610735032665,43072.75145228654,293072.75145228655,-102672.75145228655,-101839.41811895322
GWL,BOM,Gwalior,Mumbai,971.3,78,0.72,56,3000.0,400.0,190400.0,2272.84,93988.71665684826,250000.0,343988.71665684826,-153588.71665684826,-2742.655654586576,117485.89582106033,367485.89582106035,-177085.89582106035,-176252.562487727
HJR,VNS,Khajuraho,Varanasi,304.3,78,0.72,56,3000.0,400.0,190400.0,712.06,29445.805944402317,250000.0,279445.8059444023,-89045.8059444023,-1590.1036775786124,36807.2574305029,286807.2574305029,-96407.25743050291,-95573.92409716958
IMF,AJL,Imphal,Aizwal,164.9,78,0.72,56,3000.0,400.0,190400.0,385.87,15956.876021355678,250000.0,265956.8760213557,-75556.87602135568,-1349.22992895278,19946.095026694595,269946.0950266946,-79546.09502669459,-78712.76169336126
IMF,IXS,Imphal,Silchar,94.2,78,0.72,56,3000.0,400.0,190400.0,220.43,9115.438311834121,250000.0,259115.43831183412,-68715.43831183412,-1227.0613984256092,11394.29788979265,261394.29788979265,-70994.29788979265,-70160.96455645932
IXD,BOM,Allahabad,Mumbai,1153.1,78,0.72,56,3000.0,400.0,190400.0,2698.25,111580.6896743021,250000.0,361580.6896743021,-171180.68967430212,-3056.798029898252,139475.86209287762,389475.8620928776,-199075.86209287762,-198242.52875954428
IXD,DEL,Allahabad,Delhi,575.5,78,0.72,56,3000.0,400.0,190400.0,1346.67,55688.823260888516,250000.0,305688.8232608885,-115288.82326088852,-2058.7289868015805,69611.02907611064,319611.02907611063,-129211.02907611063,-128377.6957427773
IXJ,IXL,Jammu,Leh,298.5,78,0.72,56,3000.0,400.0,190400.0,698.49,28884.645948523408,250000.0,278884.6459485234,-88484.64594852342,-1580.0829633664896,36105.80743565426,286105.8074356543,-95705.80743565428,-94872.47410232095
IXL,IXJ,Leh,Jammu,298.5,78,0.72,56,3000.0,400.0,190400.0,698.49,28884.645948523408,250000.0,278884.6459485234,-88484.64594852342,-1580.0829633664896,36105.80743565426,286105.8074356543,-95705.80743565428,-94872.47410232095
IXL,SXR,Leh,Srinagar,255.9,78,0.72,56,3000.0,400.0,190400.0,598.81,24762.580481374534,250000.0,274762.5804813745,-84362.58048137452,-1506.4746514531164,30953.225601718168,280953.2256017182,-90553.22560171818,-89719.89226838485
IXS,IMF,Silchar,Imphal,94.2,78,0.72,56,3000.0,400.0,190400.0,220.43,9115.438311834121,250000.0,259115.43831183412,-68715.43831183412,-1227.0613984256092,11394.29788979265,261394.29788979265,-70994.29788979265,-70160.96455645932
IXU,DEL,Aurangabad,Delhi,983.1,78,0.72,56,3000.0,400.0,190400.0,2300.45,95130.47255118995,250000.0,345130.47255118995,-154730.47255118995,-2763.0441526998206,118913.09068898743,368913.0906889874,-178513.0906889874,-177679.75735565406
IXZ,DEL,Port Blair,Delhi,2485.0,78,0.72,56,3000.0,400.0,190400.0,5814.9,240463.46794666888,250000.0,490463.46794666885,-300063.46794666885,-5358.276213333373,300579.33493333607,550579.3349333361,-360179.3349333361,-359346.0016000028
JGA,BOM,Jamnagar,Mumbai,478.6,78,0.72,56,3000.0,400.0,190400.0,1119.92,46312.0340887777,250000.0,296312.0340887777,-105912.03408877773,-1891.286323013888,57890.04261097212,307890.04261097213,-117490.04261097213,-116656.7092776388
JLR,DEL,Jabalpur,Delhi,667.8,78,0.72,56,3000.0,400.0,190400.0,1562.65,64620.2407929392,250000.0,314620.2407929392,-124220.2407929392,-2218.2185855882003,80775.300991174,330775.300991174,-140375.300991174,-139541.96765784067
\N,DEL,Kanpur,Delhi,399.1,78,0.72,56,3000.0,400.0,190400.0,933.89,38619.13843414583,250000.0,288619.13843414583,-98219.13843414583,-1753.9131863240327,48273.92304268229,298273.9230426823,-107873.92304268229,-107040.58970934896
KUU,DEL,Kulu,Delhi,368.1,78,0.72,56,3000.0,400.0,190400.0,861.35,35619.3929587548,250000.0,285619.3929587548,-95219.39295875479,-1700.346302834907,44524.241198443495,294524.2411984435,-104124.24119844352,-103290.90786511019
LKO,DED,Lucknow,Dehra Dun,464.2,78,0.72,56,3000.0,400.0,190400.0,1086.23,44918.85205037235,250000.0,294918.85205037234,-104518.85205037234,-1866.4080723280774,56148.565062965434,306148.56506296544,-115748.56506296544,-114915.23172963211
LUH,DEL,Ludhiaha,Delhi,277.6,78,0.72,56,3000.0,400.0,190400.0,649.58,26862.0714902745,250000.0,276862.0714902745,-86462.07149027451,-1543.9655623263304,33577.58936284312,283577.58936284314,-93177.58936284314,-92344.25602950981
NAG,RPR,Nagpur,Raipur,279.3,78,0.72,56,3000.0,400.0,190400.0,653.56,27026.65636747406,250000.0,277026.65636747406,-86626.65636747406,-1546.9045779906082,33783.320459342576,283783.32045934256,-93383.32045934256,-92549.98712600923
PNQ,GOI,Pune,Goa,356.1,78,0.72,56,3000.0,400.0,190400.0,833.27,34458.20116182923,250000.0,284458.20116182923,-94058.20116182923,-1679.610735032665,43072.75145228654,293072.75145228655,-102672.75145228655,-101839.41811895322
RPR,VTZ,Raipur,Vishakhapatnam,415.0,78,0.72,56,3000.0,400.0,190400.0,971.1,40157.88297700909,250000.0,290157.8829770091,-99757.88297700911,-1781.3907674465913,50197.35372126137,300197.3537212614,-109797.35372126137,-108964.02038792805
SHL,CCU,Shillong,Kolkata,493.2,78,0.72,56,3000.0,400.0,190400.0,1154.09,47725.065559609124,250000.0,297725.0655596091,-107325.0655596091,-1916.5190278501625,59656.3319495114,309656.3319495114,-119256.33194951143,-118422.9986161781
STV,DEL,Surat,Delhi,938.0,78,0.72,56,3000.0,400.0,190400.0,2194.92,90766.49212634827,250000.0,340766.49212634825,-150366.49212634825,-2685.1159308276474,113458.11515793532,363458.1151579353,-173058.1151579353,-172224.78182460196
SXR,IXL,Srinagar,Leh,255.9,78,0.72,56,3000.0,400.0,190400.0,598.81,24762.580481374534,250000.0,274762.5804813745,-84362.58048137452,-1506.4746514531164,30953.225601718168,280953.2256017182,-90553.22560171818,-89719.89226838485
VNS,AGR,Varanasi,Agra,523.7,78,0.72,56,3000.0,400.0,190400.0,1225.46,50676.4280434616,250000.0,300676.4280434616,-110276.42804346158,-1969.2219293475282,63345.535054327,313345.535054327,-122945.53505432699,-122112.20172099366
VNS,BOM,Varanasi,Mumbai,1247.3,78,0.72,56,3000.0,400.0,190400.0,2918.68,120696.12798613623,250000.0,370696.12798613624,-180296.12798613624,-3219.573714038147,150870.15998267027,400870.1599826703,-210470.15998267027,-209636.82664933693
VTZ,DEL,Vishakhapatnam,Delhi,1358.0,78,0.72,56,3000.0,400.0,190400.0,3177.72,131408.205018743,250000.0,381408.205018743,-191008.205018743,-3410.860803906125,164260.25627342873,414260.25627342873,-223860.25627342873,-223026.9229400954
IXJ,BOM,Jammu,Mumbai,1525.0,78,0.72,56,3000.0,400.0,190400.0,3568.5,147568.12419262377,250000.0,397568.12419262377,-207168.12419262377,-3699.430789153996,184460.1552407797,434460.15524077974,-244060.15524077974,-243226.8219074464
CCJ,IXE,Calicut,Mangalore,233.6,78,0.72,56,3000.0,400.0,190400.0,546.62,22604.368234880763,250000.0,272604.36823488073,-82204.36823488073,-1467.9351470514416,28255.460293600954,278255.460293601,-87855.46029360098,-87022.12696026765
ATQ,BOM,Amritsar,Mumbai,1416.6,78,0.72,56,3000.0,400.0,190400.0,3314.84,137078.52621512595,250000.0,387078.5262151259,-196678.52621512592,-3512.11653955582,171348.15776890743,421348.15776890743,-230948.15776890743,-230114.8244355741
ATQ,SXR,Amritsar,Srinagar,253.3,78,0.72,56,3000.0,400.0,190400.0,592.72,24510.740807468675,250000.0,274510.74080746865,-84110.74080746865,-1501.977514419083,30638.426009335843,280638.42600933585,-90238.42600933585,-89405.09267600252
BLR,CCJ,Bangalore,Calicut,297.9,78,0.72,56,3000.0,400.0,190400.0,697.09,28826.751770614013,250000.0,278826.751770614,-88426.751770614,-1579.0491387609643,36033.439713267515,286033.4397132675,-95633.4397132675,-94800.10637993416
BLR,HBX,Bangalore,Hubli,371.0,78,0.72,56,3000.0,400.0,190400.0,868.14,35900.17972161536,250000.0,285900.17972161534,-95500.17972161534,-1705.3603521717025,44875.22465201919,294875.2246520192,-104475.22465201921,-103641.89131868588
BLR,IXG,Bangalore,Belgaum,445.0,78,0.72,56,3000.0,400.0,190400.0,1041.3,43060.862469323,250000.0,293060.862469323,-102660.86246932298,-1833.229686952196,53826.078086653746,303826.0780866537,-113426.07808665372,-112592.7447533204
BLR,MYQ,Bangalore,Mysore,156.7,78,0.72,56,3000.0,400.0,190400.0,366.68,15163.312254154767,250000.0,265163.31225415476,-74763.31225415476,-1335.0591473956208,18954.14031769346,268954.14031769347,-78554.14031769347,-77720.80698436014
BLR,VGA,Bangalore,Vijayawada,497.6,78,0.72,56,3000.0,400.0,190400.0,1164.38,48150.587767243174,250000.0,298150.58776724315,-107750.58776724315,-1924.1176387007706,60188.23470905397,310188.234709054,-119788.234709054,-118954.90137572067
BOM,ATQ,Mumbai,Amritsar,1416.6,78,0.72,56,3000.0,400.0,190400.0,3314.84,137078.52621512595,250000.0,387078.5262151259,-196678.52621512592,-3512.11653955582,171348.15776890743,421348.15776890743,-230948.15776890743,-230114.8244355741
BOM,HBX,Mumbai,Hubli,476.6,78,0.72,56,3000.0,400.0,190400.0,1115.24,46118.50212262344,250000.0,296118.50212262344,-105718.50212262344,-1887.8303950468471,57648.12765327929,307648.1276532793,-117248.12765327928,-116414.79431994596
BOM,JLR,Mumbai,Jabalpur,872.6,78,0.72,56,3000.0,400.0,190400.0,2041.88,84437.83142116705,250000.0,334437.83142116707,-144037.83142116707,-2572.1041325208403,105547.28927645882,355547.2892764588,-165147.2892764588,-164313.95594312545
BOM,STV,Mumbai,Surat,225.6,78,0.72,56,3000.0,400.0,190400.0,527.9,21830.24037026372,250000.0,271830.2403702637,-81430.2403702637,-1454.1114351832803,27287.800462829648,277287.80046282965,-86887.80046282965,-86054.46712949632
CCJ,BLR,Calicut,Bangalore,297.9,78,0.72,56,3000.0,400.0,190400.0,697.09,28826.751770614013,250000.0,278826.751770614,-88426.751770614,-1579.0491387609643,36033.439713267515,286033.4397132675,-95633.4397132675,-94800.10637993416
CCJ,MAA,Calicut,Madras,502.4,78,0.72,56,3000.0,400.0,190400.0,1175.62,48615.395309887164,250000.0,298615.3953098872,-108215.39530988719,-1932.4177733908425,60769.24413735895,310769.24413735897,-120369.24413735897,-119535.91080402564
COK,PNQ,Kochi,Pune,974.7,78,0.72,56,3000.0,400.0,190400.0,2280.8,94317.8864112474,250000.0,344317.8864112474,-153917.88641124743,-2748.5336859151325,117897.35801405924,367897.35801405925,-177497.35801405925,-176664.0246807259
HBX,BLR,Hubli,Bangalore,371.0,78,0.72,56,3000.0,400.0,190400.0,868.14,35900.17972161536,250000.0,285900.17972161534,-95500.17972161534,-1705.3603521717025,44875.22465201919,294875.2246520192,-104475.22465201921,-103641.89131868588
HBX,BOM,Hubli,Mumbai,476.6,78,0.72,56,3000.0,400.0,190400.0,1115.24,46118.50212262344,250000.0,296118.50212262344,-105718.50212262344,-1887.8303950468471,57648.12765327929,307648.1276532793,-117248.12765327928,-116414.79431994596
IXC,SXR,Chandigarh,Srinagar,414.2,78,0.72,56,3000.0,400.0,190400.0,969.23,40080.55289651583,250000.0,290080.5528965158,-99680.55289651582,-1780.0098731520682,50100.691120644784,300100.6911206448,-109700.6911206448,-108867.35778731147
IXG,BLR,Belgaum,Bangalore,445.0,78,0.72,56,3000.0,400.0,190400.0,1041.3,43060.862469323,250000.0,293060.862469323,-102660.86246932298,-1833.229686952196,53826.078086653746,303826.0780866537,-113426.07808665372,-112592.7447533204
JLR,BOM,Jabalpur,Mumbai,872.6,78,0.72,56,3000.0,400.0,190400.0,2041.88,84437.83142116705,250000.0,334437.83142116707,-144037.83142116707,-2572.1041325208403,105547.28927645882,355547.2892764588,-165147.2892764588,-164313.95594312545
MAA,CCJ,Madras,Calicut,502.4,78,0.72,56,3000.0,400.0,190400.0,1175.62,48615.395309887164,250000.0,298615.3953098872,-108215.39530988719,-1932.4177733908425,60769.24413735895,310769.24413735897,-120369.24413735897,-119535.91080402564
MYQ,BLR,Mysore,Bangalore,156.7,78,0.72,56,3000.0,400.0,190400.0,366.68,15163.312254154767,250000.0,265163.31225415476,-74763.31225415476,-1335.0591473956208,18954.14031769346,268954.14031769347,-78554.14031769347,-77720.80698436014
PNQ,COK,Pune,Kochi,974.7,78,0.72,56,3000.0,400.0,190400.0,2280.8,94317.8864112474,250000.0,344317.8864112474,-153917.88641124743,-2748.5336859151325,117897.35801405924,367897.35801405925,-177497.35801405925,-176664.0246807259
STV,BOM,Surat,Mumbai,225.6,78,0.72,56,3000.0,400.0,190400.0,527.9,21830.24037026372,250000.0,271830.2403702637,-81430.2403702637,-1454.1114351832803,27287.800462829648,277287.80046282965,-86887.80046282965,-86054.46712949632
SXR,ATQ,Srinagar,Amritsar,253.3,78,0.72,56,3000.0,400.0,190400.0,592.72,24510.740807468675,250000.0,274510.74080746865,-84110.74080746865,-1501.977514419083,30638.426009335843,280638.42600933585,-90238.42600933585,-89405.09267600252
SXR,IXC,Srinagar,Chandigarh,414.2,78,0.72,56,3000.0,400.0,190400.0,969.23,40080.55289651583,250000.0,290080.5528965158,-99680.55289651582,-1780.0098731520682,50100.691120644784,300100.6911206448,-109700.6911206448,-108867.35778731147
VGA,BLR,Vijayawada,Bangalore,497.6,78,0.72,56,3000.0,400.0,190400.0,1164.38,48150.587767243174,250000.0,298150.58776724315,-107750.58776724315,-1924.1176387007706,60188.23470905397,310188.234709054,-119788.234709054,-118954.90137572067
